ev_id,trip_index,fcs_zone,arrival_min,departure_min,charged_kwh,cost
0,1,9,1054.0,1062.9448420424922,13.744842042492092,5.497936816996839
11,1,14,1067.0,1076.209317738983,14.009317738983,5.603727095593203
13,0,3,616.0,623.7185645207762,12.51856452077621,5.007425808310486
15,0,19,809.0,815.1751680637416,10.975168063741545,4.390067225496621
18,0,11,449.7545711734694,458.7436443533549,13.789073179885518,5.51562927195421
19,0,20,427.0,435.9898398372542,13.789839837254176,5.515935934901673
27,1,15,1239.0,1247.5537050738199,13.353705073819878,5.3414820295279535
32,0,13,413.36069394285715,421.39412868231693,12.833434739459783,5.133373895783915
33,1,1,1265.0,1273.8860984360501,13.686098436050129,5.474439374420054
35,1,11,1024.0,1031.5138280365036,12.31382803650363,4.925531214601454
37,0,2,528.0,534.9249939433286,11.724993943328533,4.6899975773314155
40,1,18,693.0,698.9430997496968,10.743099749696798,4.297239899878721
45,0,16,459.0,467.27979893619846,13.079798936198468,5.23191957447939
49,0,10,463.3536522244898,472.7275570756462,14.17390485115641,5.669561940462566
51,1,8,1031.0,1034.7860865572743,8.586086557274278,3.4344346229097127
53,1,1,1069.0,1072.0972606678488,7.897260667848856,3.158904267139544
59,1,4,1061.0,1068.7332175078016,12.533217507801623,5.013287003120651
70,0,9,443.0,452.2414573880075,14.041457388007544,5.61658295520302
72,0,17,458.0,466.78066433605983,13.58066433605983,5.432265734423934
75,0,14,471.00412163265304,478.8064090448124,12.60228741215938,5.040914964863755
77,1,9,1074.0,1083.5861996277313,14.38619962773122,5.754479851092491
79,1,21,1071.7513301020408,1080.0478727112363,13.096542609195495,5.2386170436782
80,1,11,1074.0,1078.7303216287364,9.53032162873632,3.81212865149453
81,1,18,1033.3612672,1037.6253580392272,9.064090839227182,3.6256363356908747
84,1,1,1168.0,1174.1798581590094,10.97985815900947,4.391943263603791
85,0,15,970.0,979.1650815061884,13.965081506188376,5.5860326024753535
86,1,14,1091.0004040816327,1096.2720821488174,10.071678067184578,4.028671226873834
87,0,15,711.0,719.0358295000183,12.835829500018278,5.134331800007313
89,1,21,1083.0,1087.917849088949,9.717849088948958,3.887139635579585
92,1,10,1053.0,1060.8668499383014,12.666849938301468,5.06673997532059
94,1,18,1104.0,1107.7034782526985,8.503478252698507,3.4013913010794044
95,1,3,1297.0,1300.522976572723,8.322976572723125,3.3291906290892515
96,1,12,1039.0,1043.3814644279332,9.181464427933314,3.672585771173327
97,1,9,1031.0,1035.604081596894,9.404081596894166,3.761632638757668
100,0,9,446.0,455.4959585457891,14.295958545789137,5.718383418315658
101,0,22,985.0,993.7236479028531,13.52364790285312,5.409459161141251
105,1,15,1214.0,1219.8563563787995,10.656356378799522,4.262542551519811
106,1,7,1076.0,1078.4452950544016,7.245295054401575,2.8981180217606313
107,0,10,445.0,453.476156642295,13.276156642294985,5.310462656917997
108,0,11,462.75175943877554,471.8824077520201,13.93064831324454,5.572259325297819
110,0,3,458.0,466.81905170583775,13.619051705837766,5.447620682335109
114,1,4,1067.351357377551,1073.385472589264,10.834115211712984,4.333646084685196
115,0,1,439.0,447.4593480038265,13.259348003826512,5.3037392015306075
124,1,4,1068.9215462857144,1075.8884961310316,11.766949845317273,4.706779938126911
125,0,3,457.360580877551,464.9523151927223,12.39173431517135,4.956693726068543
134,0,19,445.0,453.36006961454564,13.160069614545652,5.264027845818263
140,1,4,1031.0,1035.974068178815,9.774068178815023,3.909627271526011
142,0,5,887.0,896.4603712095883,14.260371209588335,5.704148483835337
144,1,15,1296.0,1303.0850331806932,11.88503318069328,4.754013272277315
152,1,8,1041.0,1050.5507157221732,14.35071572217328,5.7402862888693145
153,1,20,1047.0,1056.3322125079019,14.132212507901844,5.6528850031607405
157,1,21,889.0,895.5598597923977,11.359859792397696,4.543943916959081
160,0,13,1057.0,1064.2722831651065,12.072283165106597,4.828913266042641
162,1,21,1047.7516079081634,1050.933620584039,7.982012675875847,3.19280507035034
167,0,10,450.0,457.32262279933445,12.122622799334454,4.849049119733784
174,1,4,786.0,795.1334196129718,13.933419612971832,5.573367845188735
176,1,14,996.0,1002.4658225303633,11.265822530363293,4.5063290121453194
183,1,4,1075.0,1077.7677206127164,7.567720612716434,3.027088245086575
184,0,7,576.0,584.0289029484892,12.82890294848924,5.131561179395699
188,1,16,1016.0,1024.0104282581353,12.810428258135238,5.124171303254098
191,1,2,1062.352558510204,1071.5453577579717,13.992799247767657,5.597119699107066
193,1,21,1063.5126359693877,1072.1257679749565,13.413132005568803,5.365252802227523
196,1,10,1068.923567502041,1075.6685224102923,11.544954908251519,4.617981963300609
210,1,5,1063.6042226530612,1069.0724477263716,10.268225073310386,4.107290029324156
211,1,4,698.0,704.4218834062505,11.221883406250457,4.488753362500185
220,1,21,1050.0,1058.812852159983,13.612852159983147,5.445140863993261
228,1,16,1032.8016486530612,1041.7309361605983,13.729287507537117,5.49171500301485
229,1,9,1051.0673516020408,1055.633720526352,9.366368924310972,3.746547569724391
231,1,12,1063.3635074285714,1072.5008663311737,13.937358902602256,5.574943561040905
232,0,5,430.0,436.98584966541404,11.785849665414062,4.714339866165627
233,1,16,1058.0,1064.7375066872407,11.537506687240766,4.615002674896308
234,0,15,442.0,451.49444004487856,14.29444004487859,5.717776017951438
240,1,6,1153.0,1162.5623312949797,14.362331294979741,5.7449325179918995
241,1,6,1250.0,1259.5692375351452,14.36923753514536,5.747695014058146
244,1,11,1138.0,1142.7528253342289,9.55282533422895,3.821130133691582
246,1,15,1049.0,1056.0702757076554,11.870275707655267,4.748110283062109
248,0,8,423.0,431.7208120960643,13.520812096064315,5.408324838425728
255,1,8,1052.8002693877552,1058.3662317245933,10.36596233683818,4.146384934735274
256,0,9,428.0,436.4425578965381,13.242557896538127,5.297023158615254
259,1,17,1054.0,1059.2971046855912,10.097104685591226,4.038841874236493
260,1,20,1056.0012526530613,1060.6677170031746,9.46646435011324,3.7865857400452976
264,1,21,1326.601422367347,1336.102020125032,14.300597757684988,5.720239103073998
268,1,14,1031.0,1037.4094119045703,11.209411904570372,4.483764761828151
270,0,17,575.0,583.7416543778023,13.541654377802312,5.416661751120927
271,0,11,484.0,491.9964741175161,12.79647411751608,5.118589647006434
276,1,16,1041.7591507653062,1048.031251743043,11.072100977736802,4.428840391094723
277,0,16,744.0,752.1225992991374,12.922599299137396,5.169039719654961
278,0,24,459.3658909714286,467.3768976407984,12.811006669369803,5.1244026677479235
281,1,6,1066.0,1074.2859700933695,13.085970093369523,5.234388037347812
282,1,2,886.0,892.5613672433121,11.36136724331211,4.544546897324846
285,1,3,1036.0,1042.299698450791,11.099698450791143,4.43987938031646
286,1,23,1033.0,1040.498384945686,12.298384945686019,4.91935397827441
291,1,9,1040.7556150510204,1047.3761332594452,11.420518208424774,4.568207283369912
292,1,11,1056.0,1062.1757351231845,10.975735123184549,4.390294049273821
300,1,23,1064.0,1070.1038665695337,10.903866569533625,4.361546627813452
301,0,2,455.0,464.3639656019955,14.163965601995507,5.665586240798206
302,1,11,1019.0,1024.498136414066,10.298136414065983,4.119254565626395
304,1,10,1047.0,1049.7721057812905,7.572105781290523,3.0288423125162103
309,1,2,1052.6053783265306,1061.7995189466722,13.994140620141561,5.597656248056627
312,1,18,1060.0,1065.4643436997114,10.264343699711512,4.105737479884607
315,1,16,1042.8056355918368,1050.4265632075187,12.420927615682029,4.9683710462728135
323,0,21,440.80167020408163,447.84374687286925,11.84207666878763,4.736830667515054
324,0,2,447.0,455.3259287611866,13.125928761186625,5.250371504474653
325,1,9,749.0,753.3650155133399,9.165015513339899,3.6660062053359614
330,1,3,1272.0,1277.0311680625443,9.8311680625444,3.9324672250177617
331,0,19,447.36296434285714,456.9492393789531,14.386275036095947,5.754510014438382
333,1,14,1057.368958220408,1063.6814092809398,11.112451060531686,4.444980424212677
338,1,13,1041.0,1049.6900842486557,13.490084248655625,5.396033699462253
341,1,1,1057.6129211836735,1066.4213123189722,13.608391135298787,5.443356454119517
347,0,24,426.0,434.8944312256319,13.694431225631881,5.477772490252755
351,1,14,1073.801950367347,1077.5594159717293,8.557465604382362,3.4229862417529464
357,1,17,1094.0,1097.6995335937168,8.499533593716842,3.3998134374867384
360,1,18,1040.0,1045.905645437204,10.705645437203875,4.2822581748815525
364,1,20,1060.0,1065.5010375782933,10.301037578293242,4.1204150313172985
368,1,20,1320.0,1326.602760808165,11.402760808165041,4.561104323266019
369,1,23,1058.0,1061.8982300645316,8.698230064531675,3.4792920258126716
380,0,2,447.0,455.6263600468875,13.426360046887524,5.370544018755012
383,0,16,440.0,448.4298935039653,13.229893503965306,5.291957401586124
385,0,16,452.0,459.1369972764669,11.936997276466911,4.7747989105867665
387,1,11,1055.754512244898,1062.6075408936895,11.653028648791494,4.6612114595166
389,1,13,1033.3616066285715,1041.5138934583465,12.952286829774968,5.18091473190999
398,1,6,1038.0,1045.4154891237242,12.215489123724122,4.886195649489651
400,0,5,779.0,787.600547365912,13.400547365912006,5.360218946364805
401,0,16,425.0,433.83757405770575,13.63757405770573,5.455029623082295
403,1,1,1053.3648877714286,1058.0966784100426,9.531790638613929,3.812716255445573
408,0,11,477.0,486.02263351103244,13.822633511032464,5.529053404412989
412,0,17,450.75759841836737,460.198101697318,14.240503278950621,5.696201311580251
413,1,2,1146.0,1150.00680827316,8.806808273160048,3.5227233092640207
415,1,9,736.800840489796,741.267189658286,9.266349168490093,3.706539667396039
421,1,17,1065.7234581306122,1070.5110057223853,9.587547591773106,3.835019036709244
426,1,16,1049.3510644183673,1054.497107516483,9.946043098115878,3.978417239246353
427,0,18,418.7204752,428.04663022147344,14.126155021473444,5.65046200858938
430,1,23,1102.0,1111.588481944607,14.388481944607225,5.755392777842893
435,0,9,454.0,463.0019987379514,13.8019987379514,5.520799495180563
439,0,19,463.0,472.494099861485,14.29409986148499,5.717639944593999
443,1,17,1052.7539229591837,1060.7413007987554,12.787377839571704,5.114951135828684
446,1,5,809.0,812.5777771039517,8.37777710395169,3.3511108415806774
447,0,17,525.0,531.5720938008191,11.37209380081908,4.548837520327634
448,1,6,1043.0,1047.3423160137218,9.142316013721697,3.6569264054886803
451,1,14,695.0,699.5887345774156,9.388734577415613,3.7554938309662473
454,1,5,1069.0,1077.5583317768906,13.358331776890516,5.343332710756209
459,1,18,1050.0,1052.8295897193484,7.62958971934839,3.051835887739357
463,1,22,1039.7522864285713,1047.8117610001943,12.859474571622929,5.143789828649174
466,1,23,1053.0,1056.0896187773762,7.889618777376274,3.1558475109505113
469,1,19,1064.3641636571429,1068.7963194244412,9.232155767298472,3.6928623069193907
479,1,20,1094.0000404081632,1098.7321008512276,9.532060443064495,3.8128241772258
483,1,8,938.3500683571428,941.499829069744,7.949760712601215,3.1799042850404873
487,0,8,487.3501074183674,496.9091738643194,14.359066445952063,5.743626578380828
491,1,22,1062.0,1071.4881733295945,14.28817332959443,5.715269331837775
495,1,5,1053.0,1061.3123839676382,13.112383967638122,5.244953587055251
497,0,14,431.0,437.122539760138,10.922539760138033,4.369015904055216
498,0,9,874.0,883.3485115980922,14.148511598092181,5.659404639236875
499,1,14,1061.0,1067.0001991271454,10.800199127145302,4.320079650858123
503,0,11,463.0,471.0744815903742,12.87448159037421,5.149792636149686
507,1,16,915.8005387755102,921.3761000209512,10.375561245441002,4.150224498176403
508,0,17,445.75741658163264,455.2573520331807,14.299935451548068,5.7199741806192295
510,1,18,800.0,802.5711174672699,7.371117467269867,2.9484469869079484
511,1,9,1051.0,1055.8775155334563,9.67751553345631,3.871006213382526
513,1,21,1036.0,1038.8269774659382,7.626977465938072,3.0507909863752305
515,1,11,1059.8045041632654,1067.665375428885,12.660871265619583,5.0643485062478355
519,0,14,1021.0,1029.815436680831,13.615436680830932,5.446174672332376
521,0,13,446.3629869714286,452.5756926684593,11.012705697030682,4.405082278812275
524,0,1,442.36300205714286,449.35859223317755,11.795590176034693,4.718236070413879
525,1,22,1051.0,1053.476530174674,7.276530174674104,2.910612069869643
545,1,11,774.0,776.9743284764572,7.774328476457281,3.109731390582914
547,1,3,1068.0,1073.2485102270423,10.048510227042295,4.01940409081692
555,1,18,1052.0,1058.9929983397446,11.792998339744763,4.717199335897908
557,0,24,447.0,456.1965631183545,13.996563118354512,5.598625247341808
564,0,17,1027.0,1036.137828774608,13.937828774607809,5.575131509843126
566,0,21,461.0,470.26716543942575,14.067165439425763,5.626866175770307
568,0,7,1068.8018318367347,1078.1065692279744,14.104737391239883,5.641894956495956
569,1,22,1059.0,1062.3838114476378,8.183811447637819,3.273524579055129
570,1,19,786.0,791.795792680755,10.595792680754935,4.238317072301975
571,1,22,1039.0,1046.8795156425865,12.679515642586601,5.071806257034643
577,0,23,487.75165,497.172127113106,14.22047711310602,5.688190845242411
580,1,22,1018.0,1027.402231356148,14.202231356147845,5.680892542459141
589,0,23,632.6001185306122,641.8203432023611,14.020224671748798,5.608089868699522
595,1,19,1047.0,1053.5615601986422,11.361560198642096,4.54462407945684
596,0,16,467.0,476.50274063333364,14.302740633333666,5.721096253333469
598,0,9,458.7595632653061,467.7036011844708,13.744037919164697,5.497615167665882
599,0,22,1087.0,1095.9621390941845,13.762139094184564,5.5048556376738285
601,1,3,1040.0,1046.6191836610255,11.419183661025624,4.567673464410252
602,1,10,1064.923567502041,1070.8789506073117,10.755383105270747,4.302153242108301
610,0,5,1048.7505892857143,1057.4831156139035,13.532526328189135,5.413010531275656
615,1,22,1069.0,1077.0898893453425,12.889889345342517,5.15595573813701
618,0,10,738.0,747.2256382792808,14.025638279280852,5.6102553117123435
621,1,14,1044.0,1047.486382932674,8.28638293267389,3.3145531730695574
629,0,14,464.0,472.26371166708134,13.063711667081327,5.225484666832533
632,0,15,443.0,452.22118848424736,14.021188484247368,5.60847539369895
634,1,8,1080.3501269489796,1084.3573286121668,8.807201663187204,3.5228806652748834
638,1,22,1065.0,1069.1246556951285,8.924655695128424,3.5698622780513714
639,1,13,1037.0,1045.4513451794378,13.251345179437745,5.300538071775101
644,1,10,1324.3500292959184,1327.7070338710869,8.157004575168578,3.2628018300674326
650,0,1,441.0,450.4625733343962,14.262573334396226,5.705029333758493
655,0,10,447.0,455.53441825160337,13.334418251603381,5.333767300641355
656,0,18,450.0,456.7241694916428,11.524169491642814,4.609667796657128
658,0,2,1115.0,1123.9001423804682,13.70014238046813,5.480056952187255
659,0,9,441.31442571428573,449.05913808850414,12.544712374218431,5.0178849496873745
664,0,18,845.3608674285714,851.2127785025525,10.651911073981157,4.260764429592465
665,1,8,1052.0,1055.6285320281734,8.428532028173455,3.3714128112693835
667,1,3,1136.0,1142.4917440933805,11.291744093380439,4.516697637352178
669,0,9,1199.0,1207.315247715203,13.11524771520295,5.246099086081182
672,0,19,1184.0,1193.5633287424776,14.363328742477606,5.745331496991045
673,0,8,437.0,445.62183307456627,13.421833074566273,5.368733229826511
680,1,14,1051.0,1055.0188800657968,8.818880065796908,3.5275520263187645
692,0,21,436.0,445.04231726002865,13.842317260028643,5.53692690401146
696,1,6,673.0,682.2282810162757,14.02828101627568,5.611312406510274
697,1,21,1049.0,1055.7991207763066,11.599120776306613,4.639648310522647
705,1,10,1051.3512011326532,1059.9234511385337,13.37225000588062,5.34890000235225
706,1,2,938.0400226285715,944.7239094687618,11.483886840190317,4.593554736076129
707,1,9,1054.0500018285713,1057.7612595662026,8.511257737631356,3.4045030950525437
708,0,23,458.0,466.8741916100792,13.674191610079195,5.46967664403168
709,0,10,440.0,448.2482916906303,13.048291690630311,5.219316676252127
713,1,14,1046.0,1053.392811355623,12.192811355623048,4.877124542249222
714,0,11,454.0,463.00284902881884,13.802849028818855,5.521139611527545
715,1,8,1056.3777138612245,1062.6077790186462,11.030065157421705,4.412026062968684
723,1,15,1058.613794,1066.1502797331655,12.336485733165379,4.934594293266154
731,1,19,1036.0,1042.014013246811,10.814013246810937,4.325605298724377
732,1,20,1116.0,1123.7799519363496,12.579951936349605,5.031980774539845
738,0,4,427.0,436.2262723520736,14.026272352073594,5.61050894082944
742,1,17,1046.755143622449,1054.9312002949416,12.976056672492575,5.190422668997033
745,0,7,753.0,761.916880462335,13.716880462335048,5.486752184934022
750,1,11,1065.0,1073.3356900741364,13.13569007413654,5.254276029654619
754,1,24,1107.0,1115.0656344525394,12.86563445253931,5.1462537810157265
757,1,24,1036.6062053469389,1043.794766454393,11.988561107454306,4.795424442981725
758,0,3,477.0,484.99371548158985,12.793715481589825,5.1174861926359325
759,0,17,458.0,467.19274593721383,13.992745937213842,5.597098374885539
760,1,7,1064.363175542857,1068.478459774631,8.915284231773713,3.5661136927094867
762,1,8,1064.0,1070.892386323271,11.692386323270966,4.6769545293083885
764,1,13,1058.0,1065.6519269308076,12.451926930807588,4.980770772323037
772,1,8,1112.0,1118.3747443023267,11.174744302326665,4.4698977209306685
773,1,15,1034.0,1037.8819560627842,8.681956062784133,3.472782425113655
774,1,13,1061.0,1067.1283322267418,10.92833222674176,4.371332890696706
775,1,23,1040.0,1049.2902698219668,14.090269821966766,5.636107928786709
777,1,15,1053.6112455918367,1059.0967348735594,10.285489281722617,4.114195712689049
780,1,19,824.0,830.622033386308,11.422033386307962,4.568813354523187
784,1,16,1040.0,1043.9995951092706,8.799595109270456,3.519838043708184
785,1,24,1001.0,1008.647142404738,12.447142404738035,4.978856961895216
792,1,5,1054.0,1059.4634389499952,10.263438949995173,4.105375579998071
794,0,10,450.0,457.1702252238758,11.970225223875758,4.788090089550305
797,1,10,1051.8028124081632,1057.5112798208718,10.50846741270869,4.203386965083478
798,1,8,847.0,854.089998840329,11.889998840329072,4.755999536131632
800,0,14,473.0,480.27658803218355,12.076588032183583,4.830635212873435
801,0,16,455.0,464.46804268149106,14.268042681491089,5.707217072596438
803,1,10,1158.3500097653061,1165.7824488408507,12.232439075544614,4.8929756302178475
804,0,17,474.0,482.82096788605213,13.620967886052107,5.448387154420845
808,0,13,1067.0,1075.9427962943976,13.742796294397653,5.497118517759064
814,0,22,703.0,711.9855390725572,13.785539072557242,5.5142156290229
816,0,11,822.0,831.3896320437599,14.189632043759916,5.675852817503969
819,1,13,1138.0,1146.7865359197606,13.586535919760625,5.434614367904253
820,0,6,919.0,927.0595589029962,12.85955890299623,5.143823561198495
821,1,10,1324.3500488265306,1333.5918996375249,14.041850810994355,5.616740324397744
824,0,13,417.0,423.2036240761302,11.003624076130217,4.401449630452089
833,0,8,440.00257265306124,449.2763626287061,14.0737899756449,5.629515990257962
836,1,16,1027.0,1031.9288830855307,9.728883085530642,3.8915532342122585
838,1,10,1065.7700020408163,1074.3561025229146,13.386100482098414,5.354440192839368
840,1,17,1033.7508670918367,1041.2011368099706,12.250269718134104,4.900107887253644
842,0,9,1079.7544112244898,1088.7306704411342,13.776259216644346,5.510503686657741
844,1,13,1052.0,1059.8169022543498,12.616902254349743,5.0467609017398996
845,1,5,1038.0,1042.7189136638417,9.518913663841678,3.807565465536673
846,0,15,433.0,442.5042037440789,14.304203744078889,5.721681497631558
847,1,16,1059.7054490408163,1063.7467383093033,8.841289268486898,3.536515707394761
852,1,8,1295.8000431020407,1302.4766066105587,11.476563508517941,4.590625403407179
854,1,2,1039.0,1047.7269925733824,13.526992573382389,5.410797029352958
855,0,10,926.0,934.94034869385,13.740348693849977,5.496139477539994
859,0,12,454.0,462.9619520725478,13.761952072547789,5.5047808290191185
860,1,1,1158.0,1165.255704142639,12.05570414263898,4.822281657055594
863,1,9,1051.7556150510204,1058.313965762703,11.358350711682576,4.543340284673032
865,1,9,1066.0,1075.1006736444192,13.900673644419156,5.560269457767665
867,1,24,1045.7315632,1054.9113953568842,13.979832156884328,5.591932862753734
869,1,24,1043.0,1047.9184878492697,9.718487849269799,3.8873951397079214
872,1,23,1040.0,1044.547599326137,9.347599326137107,3.7390397304548446
875,1,9,805.0,814.4073823627089,14.20738236270889,5.682952945083558
877,1,15,1049.0,1057.4518276485255,13.251827648525566,5.300731059410229
879,1,23,1070.7518857142857,1074.6909059354248,8.73902022113902,3.4956080884556098
881,0,19,442.0,446.06365697096555,8.863656970965543,3.545462788386219
883,0,14,452.35115230612246,461.28403515911725,13.732882852994775,5.493153141197912
890,1,18,1042.0,1048.7458706736306,11.545870673630528,4.6183482694522136
891,1,15,1095.503274744898,1101.76029977266,11.057025027761991,4.422810011104799
892,1,3,1058.0,1064.3644410713678,11.164441071367715,4.4657764285470885
896,0,16,458.0,465.9933724905269,12.793372490526906,5.117348996210765
903,1,3,1095.0,1104.1217401718304,13.921740171830326,5.568696068732133
904,1,16,1062.351669867347,1067.0687163762595,9.517046508912571,3.80681860356503
905,0,14,423.0,432.100902221014,13.900902221014011,5.560360888405607
908,1,11,1053.0,1059.0506988571715,10.850698857171384,4.340279542868556
910,0,19,447.0,455.95664123758837,13.756641237588386,5.502656495035358
915,0,9,434.0,442.35508180904736,13.155081809047342,5.2620327236189395
916,0,8,470.0,478.99937751469326,13.799377514693267,5.51975100587731
920,1,3,1056.3141994285713,1063.4939135442366,11.979714115665438,4.791885646266177
923,1,22,1015.0,1018.9689747024817,8.768974702481692,3.5075898809926787
926,0,19,432.0,436.9018316408968,9.701831640896751,3.880732656358702
928,1,20,1065.0,1070.8851785991458,10.685178599145843,4.274071439658339
937,1,15,1046.7258028816327,1052.3408482580382,10.415045376405436,4.166018150562176
944,1,23,1046.0,1055.1197218892953,13.91972188929525,5.567888755718102
946,1,14,1031.350878877551,1040.741661154807,14.190782277255936,5.676312910902377
947,0,13,603.3603017142857,611.8871736846373,13.326871970351661,5.330748788140667
948,0,3,793.6000888979592,802.1199048491842,13.319815951224996,5.327926380490001
950,0,12,440.0,449.2648490945003,14.064849094500254,5.625939637800104
951,1,17,1174.0,1181.9206934431108,12.720693443110912,5.088277377244367
958,0,13,497.3604525714286,502.4886617317224,9.928209160293807,3.9712836641175246
959,0,17,439.0,448.31100282677136,14.11100282677134,5.644401130708538
961,1,8,1322.3500097653061,1326.9005525999216,9.350542834615439,3.740217133846177
962,0,15,457.7558339285714,465.1935847373751,12.237750808803696,4.895100323521481
963,1,14,944.0000404081633,947.403672553537,8.20363214537382,3.2814528581495295
964,1,11,1065.0,1071.9161540654281,11.716154065428043,4.686461626171219
965,0,24,433.0,441.8421817317131,13.64218173171307,5.456872692685231
966,0,11,820.0,827.0939341481454,11.893934148145462,4.757573659258187
971,1,16,618.0,621.2310884272478,8.0310884272478,3.212435370899122
975,0,8,807.0,814.7701456024853,12.570145602485285,5.028058240994116
976,1,17,1021.0,1025.8967151849304,9.69671518493039,3.878686073972158
977,1,23,1075.0,1083.665869852291,13.465869852291167,5.386347940916469
984,1,4,1048.0,1050.9142882439069,7.714288243906957,3.085715297562784
986,0,14,456.0,464.60865591479956,13.408655914799539,5.363462365919818
993,1,17,1045.7539229591837,1054.0338437139787,13.079920754795147,5.231968301918061
995,1,12,845.0,850.6176484588425,10.417648458842462,4.167059383536987
1001,0,16,968.0,976.9428756553663,13.742875655366241,5.497150262146499
1005,1,21,1045.0,1053.038161289656,12.838161289656052,5.135264515862423
1007,0,15,463.0,471.9269618594439,13.726961859443936,5.490784743777577
1009,1,15,1048.754613265306,1052.2648079723367,8.310194707030778,3.324077882812313
1011,1,10,1052.312488142857,1056.3125782837062,8.800090140849168,3.5200360563396687
1013,1,3,1008.3017254285714,1016.7185660145609,13.216840585989488,5.286736234395797
1015,1,4,1054.0,1056.9328877276837,7.732887727683666,3.0931550910734678
1022,0,24,765.0,774.3526118518622,14.152611851862233,5.661044740744896
1025,0,9,416.0,424.06183423062555,12.861834230625542,5.144733692250219
1029,1,24,1042.0,1044.9602219580793,7.760221958079235,3.1040887832316955
1030,0,22,441.0,450.22183839654895,14.021838396548937,5.608735358619577
1031,1,7,1048.0,1052.8088769126516,9.60887691265167,3.84355076506067
1032,0,1,439.0,448.2135231711114,14.013523171111373,5.605409268444552
1034,1,16,1064.0,1066.5890420658088,7.389042065808884,2.955616826323555
1035,1,4,1051.0,1057.0908884991354,10.890888499135373,4.356355399654151
1036,0,19,441.0,448.4296409182986,12.2296409182986,4.891856367319442
1038,0,3,460.0,469.1075790497803,13.907579049780333,5.5630316199121355
1039,1,24,1039.0,1045.9434285787272,11.74342857872724,4.6973714314908985
1042,0,10,475.0,484.05586785120795,13.855867851207982,5.542347140483195
1046,1,15,1035.7518267857142,1040.570461116516,9.618634330801925,3.847453732320772
1047,0,16,444.0,452.0993570811949,12.899357081194939,5.159742832477978
1048,0,17,471.0,478.00181815697505,11.801818156975052,4.720727262790024
1049,1,8,1066.0,1071.436916237937,10.236916237937027,4.094766495174813
1052,0,13,997.3601885714286,1005.5911891330223,13.031000561593721,5.212400224637491
1053,1,23,1058.0,1063.0628076729136,9.862807672913624,3.9451230691654513
1055,0,20,1091.0,1099.6127111152882,13.412711115288225,5.365084446115293
1057,1,21,1122.0,1126.6178614451044,9.417861445104494,3.7671445780417994
1061,0,8,1163.0,1172.0245443117315,13.824544311731444,5.52981772469258
1062,0,5,466.0,475.16803051613994,13.96803051613993,5.587212206455974
1065,1,3,1051.3128982857143,1059.888061652497,13.375163366782852,5.350065346713143
1067,0,9,453.0,462.1159989734188,13.915998973418795,5.566399589367521
1070,1,22,1046.0,1052.5250081578365,11.325008157836463,4.530003263134587
1072,1,21,1162.8000431020407,1169.5475825460967,11.547539444055964,4.619015777622388
1075,0,16,448.0,457.5893238957166,14.389323895716604,5.755729558286644
1081,0,17,444.0,453.5997050990843,14.399705099084331,5.759882039633735
1082,1,1,1004.0,1012.6343568006735,13.43435680067345,5.373742720269383
1084,0,17,462.75313163265304,472.0380115246703,14.084879892017286,5.633951956806917
1086,1,2,1040.0,1049.253868279979,14.053868279979,5.621547311991603
1088,1,16,1069.8009482448979,1078.9185668891807,13.917618644282948,5.567047457713182
1094,1,22,1046.0,1048.8777486708475,7.677748670847601,3.0710994683390416
1096,1,5,1084.0,1093.0007103990426,13.80071039904276,5.520284159617106
1097,0,15,479.0,486.177805500131,11.977805500131007,4.791122200052405
1099,1,6,1076.6022224489795,1084.461423535309,12.659201086329341,5.063680434531739
1106,1,7,1323.360693942857,1332.5501221372513,13.989428194394275,5.595771277757713
1108,1,17,1064.0,1071.2111557656908,12.011155765690756,4.804462306276305
1113,0,6,437.0,446.0377730692685,13.837773069268477,5.535109227707394
1114,1,16,1053.0,1058.7858153041323,10.585815304132252,4.234326121652903
1116,1,4,1038.0,1041.6106680051369,8.410668005136888,3.364267202054757
1123,1,6,1037.0,1042.9874598709484,10.787459870948473,4.314983948379391
1136,1,17,1041.0,1048.9003310896462,12.700331089646232,5.080132435858495
1141,0,21,458.0,467.13252945536067,13.932529455360676,5.573011782144273
1143,0,23,442.0,450.8589997098259,13.65899970982591,5.4635998839303666
1145,1,20,1269.0,1275.4402340984961,11.240234098496098,4.496093639398441
1146,1,21,1034.0,1039.9192278771056,10.719227877105755,4.287691150842304
1147,0,3,475.0,484.5598005411716,14.359800541171607,5.743920216468646
1148,1,15,1079.7523403061225,1086.4970011503033,11.54466084418081,4.617864337672326
1149,1,14,1063.007704489796,1070.3087511480355,12.101046658239467,4.840418663295789
1150,0,9,429.0,437.6691295587319,13.469129558731925,5.387651823492773
1152,1,18,1030.0,1032.654355365238,7.454355365237866,2.981742146095148
1155,1,9,1076.3622490612245,1083.3583123445187,11.796063283294288,4.718425313317717
1164,1,13,1055.0,1058.2764814882423,8.076481488242232,3.230592595296894
1166,1,21,1076.0,1079.2850605262831,8.085060526283241,3.234024210513298
1168,1,5,1040.0,1046.445351680278,11.245351680277981,4.4981406721111945
1174,0,7,975.0,984.3833806876287,14.18338068762867,5.673352275051471
1177,1,19,1038.0,1047.06023007529,13.860230075290167,5.54409203011607
1182,1,10,1064.0,1069.3432433359678,10.143243335967808,4.057297334387125
1184,0,16,459.0,468.1274792204087,13.927479220408692,5.570991688163479
1185,1,22,1213.0,1215.6417032933243,7.441703293324384,2.976681317329755
1190,1,17,1323.7500589285714,1328.536224251934,9.586165323362751,3.834466129345102
1199,0,23,427.0,436.0006592581333,13.800659258133312,5.5202637032533275
1200,1,3,1043.0,1052.0490538895328,13.849053889532872,5.539621555813151
1207,0,23,537.0,543.5959723389233,11.395972338923306,4.558388935569324
1209,0,16,458.0,465.9789587516442,12.778958751644211,5.111583500657687
1216,1,14,1040.8009697959183,1045.1715793461312,9.170609550213092,3.6682438200852383
1217,1,23,1000.0,1002.8351166225859,7.635116622585974,3.054046649034391
1219,1,16,1039.0,1046.4957587102874,12.295758710287371,4.918303484114951
1222,1,15,1052.0,1057.1042084455385,9.904208445538476,3.961683378215392
1225,0,11,470.0,477.7211586550434,12.521158655043372,5.008463462017351
1229,1,6,1050.0,1055.3004748810108,10.100474881010765,4.040189952404308
1230,0,10,428.0,437.59782043310474,14.39782043310475,5.759128173241902
1231,1,10,1225.0,1227.6620742074795,7.462074207479441,2.9848296829917778
1239,1,24,1180.3603545142857,1186.186508441705,10.626153927419278,4.250461570967713
1243,1,11,1042.0,1047.0329719684098,9.832971968409739,3.9331887873638975
1246,0,3,453.0,459.80293370075765,11.602933700757657,4.641173480303065
1250,1,13,1034.0,1042.4567245358462,13.256724535846288,5.3026898143385175
1256,1,7,718.0,722.189185088883,8.989185088883064,3.5956740355532273
1259,0,15,463.6114530204082,472.48529475240065,13.673841731992443,5.4695366927969795
1263,0,2,447.0,456.1862389540961,13.986238954096091,5.594495581638439
1265,1,16,1041.0,1050.3647364897543,14.164736489754226,5.665894595901693
1270,1,9,1033.0,1035.6242279278276,7.42422792782769,2.9696911711310774
1276,0,1,433.0,442.06488780556055,13.864887805560562,5.545955122224227
1278,1,21,1055.6023921632652,1061.9687785359533,11.166386372688153,4.466554549075264
1287,1,13,1058.3657778285715,1063.2652192423807,9.699441413809122,3.8797765655236507
1291,0,10,1058.0,1067.1078707919105,13.907870791910419,5.56314831676417
1296,1,14,687.8004848979592,693.0282278067671,10.027742908807873,4.011097163523151
1298,1,10,1041.756977142857,1047.9346560868075,10.977678943950464,4.391071577580187
1300,1,23,1062.0,1065.8761638071458,8.676163807145805,3.4704655228583237
1301,1,15,1053.616296612245,1061.9814493834497,13.165152771204756,5.266061108481905
1316,0,8,448.0089706122449,457.59555427554704,14.386583663302137,5.7546334653208575
1318,1,2,1028.3505663877552,1037.7279920532042,14.177425665448972,5.670970266179592
1321,1,22,1051.0085934693877,1055.1027227784873,8.89412930909967,3.5576517236398697
1322,0,12,485.0,492.3285460860079,12.128546086007933,4.851418434403175
1328,0,14,431.0,439.5764132582087,13.376413258208663,5.350565303283467
1332,1,17,1051.7539229591837,1060.1517722138499,13.197849254666284,5.279139701866516
1335,0,14,435.0,444.4461296980308,14.24612969803082,5.698451879212331
1337,0,16,451.0,459.38929290519604,13.189292905196062,5.275717162078427
1338,1,13,1074.3625645714285,1077.4489978297265,7.88643325829813,3.1545733033192533
1344,1,21,979.6003704081633,984.6617163081723,9.861345900009141,3.944538360003658
1347,0,1,539.0,548.2694594376961,14.069459437696182,5.627783775078475
1349,1,17,1064.7577785714286,1069.9238835738959,9.966105002467245,3.9864420009868997
1353,0,11,462.7535862244898,472.2425780844821,14.28899185999225,5.715596743996902
1355,1,1,1045.3630699428572,1052.9868710637415,12.423801120884395,4.9695204483537605
1358,0,8,579.0,588.038803322526,13.838803322525983,5.535521329010396
1368,1,24,1049.0,1054.9725189782578,10.772518978257764,4.309007591303108
1370,1,21,1051.0,1056.9017856926541,10.701785692654191,4.280714277061678
1371,0,20,435.0,443.3609160294635,13.16091602946354,5.264366411785418
1377,0,11,661.0,670.3397761375721,14.139776137572165,5.655910455028868
1389,1,10,1084.0,1090.5341103866313,11.33411038663128,4.533644154652515
1410,0,15,453.0,461.9846907740527,13.784690774052718,5.51387630962109
1411,1,5,1066.6042226530612,1073.5462695267568,11.742046873695456,4.696818749478185
1412,0,2,447.0,454.5111557766562,12.311155776656214,4.924462310662488
1414,0,14,444.0,451.3079829975742,12.107982997574172,4.843193199029671
1418,1,12,953.0,955.8075547317513,7.6075547317513745,3.0430218927005512
1419,0,19,470.0,476.5967917037675,11.39679170376749,4.558716681506999
1420,1,2,1042.0111930612245,1046.5592985617473,9.348105500522795,3.73924220020912
1422,1,19,1023.0,1030.3972232121398,12.197223212139804,4.878889284855924
1424,0,6,456.0,462.9632076500361,11.763207650036112,4.705283060014446
1428,1,10,1041.8028124081632,1050.248378989039,13.245566580875884,5.298226632350357
1431,1,13,1070.7258306285714,1078.753841589962,12.828010961390454,5.1312043845561846
1437,0,20,456.0,464.87732432014394,13.677324320143935,5.470929728057577
1449,0,19,444.0,453.07102526247525,13.871025262475225,5.548410104990093
1452,1,17,1044.0,1047.8761925541264,8.676192554126382,3.4704770216505545
1466,1,12,1057.0,1063.2095510589138,11.009551058913848,4.403820423565541
1467,0,8,442.0089706122449,451.16460332967426,13.955632717429356,5.582253086971745
1468,0,9,436.8016271020408,446.1954792729108,14.193852170869967,5.6775408683479895
1471,0,15,452.0,461.27913370461914,14.079133704619167,5.631653481847669
1472,0,14,457.0,464.9114532791808,12.711453279180846,5.084581311672341
1475,1,17,1060.0,1069.0979532221525,13.897953222152555,5.559181288861025
1476,1,9,1058.0,1065.4372160622672,12.23721606226718,4.894886424906875
1481,1,21,1050.5564166244899,1055.1499549732862,9.3935383487964,3.7574153395185617
1482,1,3,893.0,895.8312743919768,7.6312743919768184,3.052509756790729
1490,1,18,1067.0,1071.9690015407311,9.76900154073116,3.907600616292466
1491,1,12,1061.0,1064.065202125049,7.865202125048933,3.1460808500195747
1492,1,18,1054.3661021714286,1062.5265772524072,12.96047508097869,5.184190032391478
1496,1,9,1023.0,1026.1793045686038,7.979304568603762,3.1917218274415062
1498,0,19,460.0,465.7101074312768,10.510107431276838,4.204042972510737
1507,1,24,1045.0,1047.6246937682558,7.424693768255857,2.969877507302344
1508,0,19,1029.0,1035.8978178964712,11.697817896471175,4.679127158588472
1510,1,12,1007.0,1012.6947147009478,10.494714700947807,4.197885880379125
1512,1,22,1284.0,1291.8466298146861,12.646629814686252,5.058651925874503
1514,1,18,1040.0,1046.993007107955,11.793007107955027,4.717202843182013
1515,1,22,1048.0,1055.1368916474032,11.936891647403204,4.774756658961284
1520,1,13,1065.0,1068.129839930164,7.929839930163977,3.1719359720655924
1525,1,4,1060.6687850816327,1068.5970912262837,12.728306144651043,5.09132245786042
1529,1,5,1053.7583072448979,1060.6436378088663,11.685330563968401,4.674132225587362
1531,1,8,1047.0,1053.1392406146954,10.939240614695478,4.375696245878194
1534,0,8,434.0,442.0201658390784,12.820165839078388,5.128066335631358
1535,1,16,1056.0,1062.1599857567041,10.959985756704127,4.383994302681653
1542,0,1,430.0,439.53191859736603,14.331918597366041,5.732767438946419
1546,1,24,1064.0,1073.366187289513,14.166187289512884,5.666474915805156
1549,1,24,1058.0,1067.3559866191524,14.15598661915249,5.6623946476609985
1555,0,12,988.0,996.1659362922262,12.965936292226255,5.186374516890504
1557,0,6,450.0,458.9001748620321,13.700174862032114,5.480069944812848
1558,1,22,1040.0,1042.577185410252,7.3771854102519665,2.950874164100788
1559,1,20,1057.0012526530613,1064.3822017039074,12.180949050846177,4.8723796203384735
1562,0,13,463.0405996571429,472.25164227574555,14.011042618602701,5.604417047441083
1563,1,24,1037.0,1044.8315362364278,12.631536236427843,5.05261449457114
1564,0,10,572.9200110448979,581.1048913309227,12.984880286024792,5.193952114409919
1565,1,11,751.0,760.4835295174101,14.283529517410098,5.713411806964042
1566,0,16,453.0,461.37973928767656,13.179739287676572,5.271895715070631
1568,1,22,1053.0,1058.3227153146086,10.122715314608627,4.049086125843453
1580,0,17,459.0,468.3969616958456,14.196961695845605,5.6787846783382445
1581,1,15,964.0,968.2978164494118,9.097816449411784,3.6391265797647154
1582,1,18,1102.360045257143,1109.6410464751982,12.08100121805531,4.8324004872221265
1586,0,4,991.0,998.886210022983,12.686210022983055,5.074484009193224
1587,1,3,1053.604074489796,1062.2304449754138,13.426370485617857,5.370548194247146
1589,0,8,444.0,452.5089980285115,13.308998028511496,5.323599211404601
1591,0,12,1084.3603243428572,1091.7931189616295,12.232794618772248,4.893117847508901
1593,0,2,985.0005387755102,994.4204394494117,14.219900673901446,5.687960269560581
1596,0,17,676.0,683.9860662630618,12.786066263061842,5.114426505224739
1597,0,7,1158.360528,1163.8474006376866,10.286872637686738,4.1147490550746975
