ev_id,trip_index,location_zone,location_type,arrival_min,departure_min,charged_kwh,deferrable_kwh,max_delay_min
1,1,2,H,1083.9192645918367,1440,5.456739633840895,5.456739633840895,310.60790512615586
2,0,4,O,1042.9047331428571,1252,7.616066989605331,7.616066989605331,167.55308327747753
3,0,8,W,453.73556306938775,1042,7.3718411234292205,7.3718411234292205,548.0543944391802
3,1,19,H,1054.7280681632653,1440,1.932561930085214,1.932561930085214,369.16724908602464
4,0,7,W,422.601386,1064,13.289007514517625,13.289007514517625,568.9131184662674
5,0,14,W,449.61003065306124,1038,11.765411785356704,11.765411785356704,524.2149959722658
6,1,11,H,1081.3992684040816,1440,8.851374613330496,8.851374613330496,284.8392764848311
7,0,15,W,457.6114530204082,1042,13.645448921917707,13.645448921917707,509.95882558731336
8,1,2,H,1087.987732277551,1440,13.010856818005928,13.010856818005928,243.58846090573297
9,1,16,H,1063.0037900571429,1440,6.945312475238824,6.945312475238824,319.1186059825336
10,0,3,W,452.6088453469388,1055,8.922275696854802,8.922275696854802,553.7241963065804
12,1,24,H,1081.939204,1440,3.404191262187137,3.404191262187137,329.6925354817738
14,1,2,H,1043.3562646897958,1440,9.578982597092782,9.578982597092782,316.818880334431
16,1,9,H,1031.268381865306,1440,8.173964253807787,8.173964253807787,340.61524935296234
17,1,5,H,1074.2687224489796,1440,3.210014348327819,3.210014348327819,338.9811579816219
20,1,9,H,1328.6719857918367,1440,6.736315519413951,6.6230461855656415,55.1920515463803
21,1,17,H,1069.875460587755,1440,7.581752458569323,7.581752458569323,306.94326892416734
22,1,4,H,1072.1714969306122,1440,5.15182067761382,5.15182067761382,324.8966640892727
23,1,17,H,1058.686289897959,1440,9.152765037070598,9.152765037070598,305.0406681264526
24,0,22,W,442.6433113142857,1065,11.982423283252299,11.982423283252299,556.9980162316108
25,1,22,H,1051.3117385714286,1440,6.491563173079898,6.491563173079898,334.59190165290556
26,0,19,W,469.662479755102,1061,10.919931008589364,10.919931008589364,531.7742601980469
26,1,11,H,1092.697621522449,1440,4.4587945162076785,4.4587945162076785,310.14575750915355
28,1,22,H,1204.2538909693878,1440,4.055193227947115,4.055193227947115,201.9528321310529
29,1,15,H,1067.8350853979591,1440,9.099240622901698,9.099240622901698,296.3379094111933
30,1,21,H,1064.327905877551,1440,1.8867605595625498,1.8867605595625498,359.94908945942757
31,1,9,H,1054.366860642857,1440,5.867550439163049,5.867550439163049,336.7368856974508
34,0,9,W,462.6090622040816,1019,9.267171430795749,9.267171430795749,505.8427299915779
36,1,9,H,1049.3140721428572,1440,4.058976051580439,4.058976051580439,356.86112742730575
38,1,22,H,1055.9214432653062,1440,5.950994512510487,5.950994512510487,334.4869357971065
39,1,24,H,1042.085551542857,1440,3.2823877101709567,3.2823877101709567,370.56121753905154
41,1,10,H,1092.2927774857144,1440,8.240185710496375,8.240185710496375,279.0390082601491
42,0,11,O,675.8018614693877,799,7.990610415641884,7.990610415641884,79.61299080892923
43,1,9,H,1066.761448979592,1440,8.043565025997786,8.043565025997786,306.2088424704266
44,0,3,W,478.35195881632654,1031,8.340659531078463,8.340659531078463,507.1535346505182
44,1,13,H,1050.327126922449,1440,2.814688518191087,2.814688518191087,366.21713542595853
46,1,9,H,1077.3594014612245,1440,6.4933339597493465,6.4933339597493465,308.5294822075309
47,1,19,H,1100.6074674285715,1440,8.247778555662945,8.247778555662945,270.6610446075706
48,0,19,W,450.6883706857143,1067,7.227546992475915,7.227546992475915,576.8886457189626
48,1,3,H,1089.7024440408163,1440,3.3798918740205792,3.3798918740205792,322.13179034234554
50,1,6,H,1056.6885813469387,1440,5.3338262095642754,5.3338262095642754,338.86286690669226
52,1,15,H,1045.3643179591836,1440,7.690227205038784,7.690227205038784,330.5504553321598
54,1,15,H,1056.9237331755103,1440,5.326503116923806,5.326503116923806,338.68874085012476
55,1,8,H,1071.5456309183674,1440,7.960185953192424,7.960185953192424,302.1194861383624
56,1,18,H,1060.9733384653061,1440,5.366680209212568,5.366680209212568,334.30432645792257
57,1,7,H,1072.4102318857142,1440,9.794841364435067,9.794841364435067,285.96609007732695
60,0,14,W,440.35115230612246,1042,9.636365163752506,9.636365163752506,549.0868558915912
61,1,22,H,1082.0099269387756,1440,7.8716006849491755,7.8716006849491755,292.39340068664796
62,0,2,W,473.8048283142857,1050,8.63778530227048,8.63778530227048,529.0799791278753
63,1,16,H,1078.7032323163264,1440,6.708136084956786,6.708136084956786,305.3956336423671
64,1,18,H,1071.943419244898,1440,3.4870348864576783,3.4870348864576783,338.9979567012881
65,1,13,H,1068.941206897959,1440,6.0145602560364875,6.0145602560364875,320.93745763507013
66,1,16,H,1134.3028285714286,1440,1.24518815023972,1.24518815023972,295.3206035099072
67,1,21,H,707.9614363755102,1440,8.31900045522648,8.31900045522648,662.7135598309358
68,0,7,W,470.96088567346936,1037,9.381959537514353,9.381959537514353,514.8647895764523
68,1,10,H,1055.935013,1440,2.527095536131206,2.527095536131206,363.0058575322398
69,0,6,O,817.960726,928,10.638071340251626,9.53579555974837,52.01343032590023
71,1,19,H,1078.889288510204,1440,11.739652915958278,11.739652915958278,263.28027052347693
73,1,2,H,1333.0514940918367,1440,5.588953227732219,5.588953227732219,60.373895677061455
74,1,14,H,1070.7025389795917,1440,0.15844766220133977,0.15844766220133977,367.9770638353971
76,1,11,H,757.800528,1440,9.66585867903359,9.66585867903359,601.6506496747202
78,0,20,O,707.5818970285715,940,9.90204355111715,9.90204355111715,178.40695632897132
78,1,6,H,975.5830517591837,1440,5.104370398048033,5.104370398048033,421.8805282570827
82,0,6,W,477.53958451020407,1078,10.47268357594848,10.47268357594848,543.3366868937132
82,1,1,H,1109.5305505918368,1440,4.211923146960821,4.211923146960821,295.3700898501563
83,0,11,W,436.60364481632655,1048,11.11753201136327,11.11753201136327,550.7552714853283
88,1,3,H,1060.8171384489797,1440,4.795473519440106,4.795473519440106,339.22058222235273
90,0,23,W,448.68066910204084,1081,10.49106891071373,10.49106891071373,575.0953186577025
91,1,23,H,694.601056,1440,6.725827859875084,6.725827859875084,689.350378501041
93,0,7,W,446.7265924571429,1044,8.842629010348304,8.842629010348304,549.04088566823
98,1,9,H,1058.875777387755,1440,4.871435696778406,4.871435696778406,340.5289251390916
99,1,4,H,1069.3084715714285,1440,0.9507615953491175,0.9507615953491175,362.7685151339956
102,1,9,H,1080.9786629142857,1440,7.393956289090669,7.393956289090669,297.4050346766255
103,0,2,O,791.0416632,959,12.093320918717199,12.093320918717199,101.99476815245168
104,0,12,W,476.9966448163265,1060,9.069127142070784,9.069127142070784,533.5353889541964
109,0,9,O,696.7506734693877,853,8.172126153737953,8.172126153737953,111.67409296476887
112,1,24,H,796.2647253306122,1440,6.606956786491885,6.606956786491885,588.6773014486221
116,1,4,H,1065.351357377551,1440,2.7629743875937187,2.7629743875937187,351.623856059168
117,1,23,H,615.601056,1440,6.8336010693314595,6.8336010693314595,767.4522684222379
118,0,12,W,462.9261487959184,1056,7.680190141873819,7.680190141873819,551.181904975679
119,1,1,H,1105.915522122449,1440,4.54812072814385,4.54812072814385,296.18347180968567
120,1,2,H,1072.8075019204082,1440,0.3658643878740442,0.3658643878740442,364.1436281806414
121,1,3,H,1342.683109812245,1440,8.642956190543192,3.0350706319874092,25.292255266561824
122,1,24,H,1068.627324,1440,3.890314363262668,3.890314363262668,338.9533896394778
126,1,14,H,1081.45940572449,1440,6.447477091572637,6.447477091572637,304.8116185124047
127,1,16,H,1090.9256154081634,1440,8.239115318648754,8.239115318648754,280.4150902697636
128,0,20,O,1014.901797489796,1199,7.810707050458117,7.810707050458117,141.49434587134158
129,1,2,H,903.3437092,1440,11.930912282216564,11.930912282216564,437.2320217815285
130,1,10,H,1041.701513622449,1440,5.870073552447362,5.870073552447362,349.3812067738229
131,1,24,H,1066.627324,1440,6.070004941364761,6.070004941364761,322.78930148862696
132,1,11,H,1058.9725055183674,1440,1.7934951514900277,1.7934951514900277,366.081701552549
135,0,7,W,450.84567546122446,1058,11.211074270951839,11.211074270951839,546.0030103335837
136,1,15,H,1057.3340687959185,1440,4.042058123853963,4.042058123853963,348.98211350529846
137,0,16,O,862.9038253061225,1125,9.51294819717945,9.51294819717945,210.20736634562593
138,0,14,W,458.0032191836735,1067,9.817275662192726,9.817275662192726,555.4480044770935
139,0,22,W,440.302772,1045,7.766082639215556,7.766082639215556,562.3367772406424
139,1,21,H,1051.305133857143,1440,0.8423880498129996,0.8423880498129996,381.6749657277487
141,1,16,H,1039.6141064897959,1440,8.525112917779344,8.525112917779344,329.3432858620429
143,0,19,W,449.6269573428571,1071,13.857145032081874,13.857145032081874,545.7886152094236
145,1,13,H,841.9022635306122,1440,4.731357195478083,4.731357195478083,558.6697598404038
146,1,10,H,964.7004785,1440,3.5546096371787304,3.5546096371787304,445.6777745235105
147,1,20,H,1071.360518244898,1440,7.48868709463504,7.48868709463504,306.23375596647656
148,1,11,H,1068.3382200612245,1440,7.333162565992403,7.333162565992403,310.55209188883873
149,1,15,H,726.5007829081633,1440,6.9003251366433,6.9003251366433,655.9965076198093
150,1,3,H,1071.7701491836735,1440,8.851373023621166,8.851373023621166,294.46840895281684
151,0,11,W,499.81164563265304,1045,8.19325027433725,8.19325027433725,500.49789832550744
151,1,21,H,1064.8231138061224,1440,2.6474808561896346,2.6474808561896346,353.1145457256307
154,0,20,W,480.2505509959184,1050,11.264867647810831,11.264867647810831,508.3047163796589
155,1,15,H,1062.3160519142857,1440,6.200188173973256,6.200188173973256,326.0157133026039
156,1,7,H,1041.9243621959183,1440,5.8079205027885745,5.8079205027885745,349.67630028084363
158,1,11,H,1058.3814009918367,1440,5.193970691310756,5.193970691310756,338.3355099139069
159,1,13,H,1057.0048759183674,1440,4.509402276256752,4.509402276256752,345.41677177949305
161,1,8,H,1057.7056345816327,1440,6.434653690320035,6.434653690320035,328.67225133236707
163,1,14,H,1067.7025389795917,1440,4.7415825153227225,4.7415825153227225,332.7842733927189
164,1,3,H,1073.5582005,1440,2.6614281995669806,2.6614281995669806,344.26323117027505
165,0,14,O,726.6523527653061,931,9.0038712033523,9.0038712033523,155.23562248913595
165,1,11,H,953.6544651020408,1440,3.0286346918187483,3.0286346918187483,461.10691246613624
166,1,9,H,1041.044929257143,1440,5.020197040996221,5.020197040996221,357.120095401222
168,1,4,H,1053.054706877551,1440,9.147401009357651,9.147401009357651,310.7169513778017
169,1,7,H,1053.6120793469388,1440,1.9605808872046246,1.9605808872046246,370.04974659302275
170,1,3,H,1078.9282277959185,1440,2.8234979677311607,2.8234979677311607,337.54262247298857
171,1,4,H,1054.0116240816326,1440,0.4956355858016295,0.4956355858016295,381.8580793700205
172,0,24,W,470.5245183265306,1042,12.192969371519089,12.192969371519089,504.96837601063805
173,1,22,H,1086.9185527346938,1440,7.961953729735923,7.961953729735923,286.7318328508402
175,1,9,H,1020.305066510204,1440,8.16211727611788,8.16211727611788,351.6772895221469
177,1,9,H,1062.6840796183674,1440,5.239060704038781,5.239060704038781,333.6570811813094
178,0,10,W,469.2893165265306,1043,9.001453095786971,9.001453095786971,524.6118484055405
178,1,13,H,1065.2887764040815,1440,3.091836112421621,3.091836112421621,348.9459226590716
179,0,5,W,458.92613263265304,1061,10.384700443694426,10.384700443694426,545.4300467653773
180,0,2,W,454.858452522449,1086,12.903920321749258,12.903920321749258,560.7565275407369
181,1,10,H,1073.316690632653,1440,11.643579886208805,11.643579886208805,269.65347698227356
182,1,2,H,1079.0078257142857,1440,0.7229573924667072,0.7229573924667072,354.9675293484918
185,1,6,H,1087.7117923346939,1440,8.938252042975817,8.938252042975817,277.8027739738409
186,1,10,H,1179.6226567020408,1440,6.092717711287452,6.092717711287452,209.60469570389705
187,1,10,H,938.3021921428572,1440,1.0454448449681877,1.0454448449681877,492.98576748240794
189,1,17,H,1066.0880628061225,1440,2.8561807175791145,2.8561807175791145,350.11043121405146
190,0,17,W,467.9217230040816,1051,9.235612756393953,9.235612756393953,532.7022074155877
192,1,5,H,1077.7629474489795,1440,4.686106655423966,4.686106655423966,323.18616375582087
195,1,9,H,1053.8286493877551,1440,8.979594241386184,8.979594241386184,311.3413986006933
197,0,1,W,440.84670721632654,1054,13.538973606173723,13.538973606173723,539.3043458409077
198,0,24,W,480.30841962040813,1062,7.473298762419972,7.473298762419972,540.9281325845739
198,1,7,H,1090.3217218530613,1440,4.121412737013037,4.121412737013037,315.33317200516353
199,1,11,H,1117.2758196612244,1440,9.118064848127613,9.118064848127613,246.7403066043787
200,1,1,H,1067.7232412734693,1440,1.6168001205945046,1.6168001205945046,358.80342438824323
201,0,12,W,468.9966448163265,1032,10.824996867623081,10.824996867623081,503.9579177239112
203,1,11,H,1063.6076452244897,1440,5.1345706744415125,5.1345706744415125,333.60426582183095
204,1,2,H,1061.9222491591836,1440,13.76716582189788,13.76716582189788,263.3513689916674
205,1,9,H,1025.8034589387755,1440,1.5882841298309494,1.5882841298309494,400.96083997929986
206,1,10,H,1047.8204330612245,1440,6.0775660544191545,6.0775660544191545,341.53318315194906
207,0,7,O,729.0006734693877,901,10.858869769444699,10.858869769444699,112.76912778818667
208,1,5,H,1041.8820336081633,1440,7.178373477800889,7.178373477800889,338.29818741016265
209,0,2,W,479.7271256530612,1022,10.507529864494124,10.507529864494124,484.9590750860617
212,1,3,H,1069.4247836734694,1440,6.467650257252009,6.467650257252009,316.67813084943054
213,1,2,H,1075.8817868897959,1440,3.4936840341938815,3.4936840341938815,335.00417949192183
214,1,7,H,1056.2381332979592,1440,13.117101432243468,13.117101432243468,274.452688100012
215,1,17,H,1025.8432089469388,1440,7.883880158128468,7.883880158128468,348.457789735324
216,1,10,H,696.0013469387756,1440,3.4320215159524707,3.4320215159524707,715.3984737616205
217,1,6,H,1336.9813671428572,1440,12.362235942857142,0.0,0.0
218,1,20,H,1067.360518244898,1440,7.368684360126924,7.368684360126924,311.23377875404435
219,0,20,W,454.35999192857145,1048,14.284852832271866,14.284852832271866,515.7226289863092
221,1,8,H,928.6539105,1440,5.202523918720576,5.202523918720576,467.9917235106619
222,1,1,H,1051.3630699428572,1440,6.617275824920776,6.617275824920776,333.4929648494697
223,1,15,H,1071.6802306571428,1440,12.178972584599698,12.178972584599698,266.8283311378598
224,1,16,H,1063.0698127959183,1440,6.074578602970195,6.074578602970195,326.3086988459968
226,0,16,W,439.8542069714286,1076,8.287967085053426,8.287967085053426,590.9386998373709
227,1,19,H,1056.3360393469388,1440,9.184250388224292,9.184250388224292,307.1285407511921
230,0,9,W,474.82497224489794,1049,8.330794001500587,8.330794001500587,528.7343332014625
235,0,3,W,486.30654746938774,1073,9.660322493562168,9.660322493562168,534.0007843839095
237,1,11,H,1021.5017173469388,1440,8.75481128521747,8.75481128521747,345.54152194291567
238,0,1,W,475.52053273469386,1052,12.821698003737687,12.821698003737687,506.5429326994642
239,0,10,W,439.91607908163263,1038,12.710412242724313,12.710412242724313,528.7543995944166
242,0,3,W,458.51742602040815,1052,13.339375727249069,13.339375727249069,520.7223427400514
243,1,2,H,1050.960368812245,1440,13.454871199685684,13.454871199685684,276.91570452370775
245,0,14,W,454.3675061632653,1053,7.862568772284778,7.862568772284778,555.7457550788176
245,1,9,H,1063.3720860918368,1440,1.3838754831728153,1.3838754831728153,365.09561821505645
247,1,8,H,1073.6899313469387,1440,4.983359698036184,4.983359698036184,324.78207116942644
249,0,18,W,445.9625344,1046,11.447351709016422,11.447351709016422,537.5973653690014
250,1,21,H,1075.0823591938774,1440,5.167725988442825,5.167725988442825,321.853257569099
251,1,16,H,1009.3505077959184,1440,0.2110409409362184,0.2110409409362184,428.8908176962799
252,1,8,H,1067.937304142857,1440,2.77262770393995,2.77262770393995,348.95746499097663
253,0,4,W,474.42837459183676,1052,8.704277813286302,8.704277813286302,530.0937464266017
253,1,23,H,1064.4347501244897,1440,1.830129750094212,1.830129750094212,360.3141686247252
254,1,16,H,1057.2384317795918,1440,1.2172863398207916,1.2172863398207916,372.61751538856834
257,1,3,H,1087.9148493265307,1440,5.296610985332153,5.296610985332153,307.94672579570147
258,1,2,H,1043.1577840367347,1440,6.207777189421098,6.207777189421098,345.11073938475624
261,1,24,H,1064.537967510204,1440,10.160668948208896,10.160668948208896,290.7897912547219
262,0,3,O,719.4021375918368,928,10.867712180572887,10.867712180572887,149.31943233231107
265,0,17,W,439.75741658163264,1061,13.840854718658083,13.840854718658083,545.7470122256868
266,0,19,W,459.6269573428571,1034,8.61426987343054,8.61426987343054,527.3861160747945
266,1,10,H,1059.6322401714285,1440,3.6568818550632063,3.6568818550632063,349.8937443697114
267,0,8,O,1138.3504785,1315,7.610069875989538,7.610069875989538,135.1400494491479
267,1,2,H,1319.3504785,1440,0.581659649430307,0.581659649430307,115.80235775474739
269,1,8,H,1050.2800448734695,1440,4.719682746606127,4.719682746606127,350.3892655714794
272,1,24,H,1091.3646469591836,1440,7.262045746865489,7.262045746865489,288.11830515027077
273,1,8,H,1319.800528,1440,7.121536089316688,7.121536089316688,60.85333792236088
274,1,8,H,1062.686946867347,1440,9.895798322931935,9.895798322931935,294.8480671082202
275,1,2,H,1056.3605439142857,1440,1.276503280017188,1.276503280017188,373.00192875223775
279,1,8,H,1082.9451601632652,1440,6.685404341110594,6.685404341110594,301.34313699414656
283,1,10,H,1044.7696046938775,1440,5.046894231568503,5.046894231568503,353.1729433763851
284,1,3,H,1047.3549439387755,1440,10.70257307432804,10.70257307432804,303.4569471084908
287,1,8,H,917.652013,1440,4.822443259396717,4.822443259396717,482.1609598383608
288,0,23,W,472.97184713469386,1056,7.521385952146273,7.521385952146273,542.0024113081447
289,1,16,H,1324.350488265306,1440,0.3279912779706464,0.3279912779706464,112.9162510849385
290,1,16,H,1087.980411510204,1440,4.4729110399233285,4.4729110399233285,314.7453298237683
293,1,1,H,1048.8553454040816,1440,4.299175965633253,4.299175965633253,355.3181882156414
294,1,15,H,1051.2818039755102,1440,8.199755678998086,8.199755678998086,320.38689869950576
295,0,10,O,446.92267286530614,730,14.20127724231392,14.20127724231392,205.61581490389062
296,1,17,H,1053.7578375,1440,4.920843852170156,4.920843852170156,345.235130398582
299,1,16,H,1047.8056355918368,1440,2.0177029909237163,2.0177029909237163,375.38017281713223
305,1,16,H,1086.2381299306123,1440,9.520215764531068,9.520215764531068,274.42673869829537
306,1,23,H,1045.3246544816327,1440,2.1667909701684316,2.1667909701684316,376.6187541002971
307,0,6,O,692.9610956,926,9.717609086584558,9.717609086584558,180.03376392772054
308,0,12,W,475.62055428571426,1046,13.877175881306158,13.877175881306158,494.6857590889794
310,1,20,H,1338.9028332857142,1440,7.711606142695716,4.420053863018577,36.833782191821456
311,0,18,O,797.3603696,937,13.184626868049385,12.415972038617276,67.72348384700331
313,0,23,W,438.7561959183673,1054,7.389159145673384,7.389159145673384,574.939299650687
313,1,17,H,1057.7578375,1440,0.5014047353833355,0.5014047353833355,378.0637897051388
314,1,22,H,1063.31188,1440,4.262122378797718,4.262122378797718,341.17043351001894
316,1,7,H,1055.7278822857143,1440,3.8756745954489045,3.8756745954489045,351.97482941887824
317,1,8,H,1073.848349942857,1440,6.143011314431517,6.143011314431517,314.95988910354686
318,0,24,O,755.882372767347,1015,10.612036041311264,10.612036041311264,201.23379428004614
318,1,1,H,1041.8873435102041,1440,4.1075008649593965,4.1075008649593965,363.8834826151342
319,1,10,H,1053.3624899714287,1440,7.7799007095594135,7.7799007095594135,321.80500411557614
320,1,16,H,1065.7054490408163,1440,9.146267475000268,9.146267475000268,298.0756553341814
321,1,12,H,1071.9034328489795,1440,5.676571329877374,5.676571329877374,320.7918060687091
322,1,5,H,1060.8899735428572,1440,4.456381126340435,4.456381126340435,341.97351707097255
326,0,8,W,465.73145910204084,1043,9.530081587055268,9.530081587055268,525.2862776958395
326,1,18,H,1066.7306947142856,1440,3.333935962216488,3.333935962216488,345.48650560057695
327,0,23,W,487.9324370938775,1055,7.668350940945404,7.668350940945404,525.2401941373294
328,1,16,H,926.3504785,1440,0.666729701390615,0.666729701390615,508.0934406550782
329,1,9,H,1074.0756484081633,1440,2.0414567273658584,2.0414567273658584,348.91221219712133
332,1,8,H,1064.686946867347,1440,5.67601414841317,5.67601414841317,328.0129352292099
334,1,8,H,1064.6142829387754,1440,2.4347631686573337,2.4347631686573337,355.0960239890801
335,1,3,H,1059.2648247448979,1440,3.2276934546134726,3.2276934546134726,353.8377297999898
336,1,17,H,818.5010017857143,1440,5.120986297453031,5.120986297453031,578.8241124021771
337,1,10,H,1088.673664010204,1440,2.89558180599818,2.89558180599818,327.19648760647783
339,0,11,W,470.5219113265306,1031,10.142100951802437,10.142100951802437,505.1575380272743
340,1,17,H,1046.5094875,1440,0.4789517293590144,0.4789517293590144,389.4992480886749
342,1,8,H,1197.704675897959,1440,5.508875629352094,5.508875629352094,196.38802719077353
343,1,11,H,1072.8462707142858,1440,6.802629333984333,6.802629333984333,310.4651515025114
344,1,6,H,1166.681701722449,1440,8.602070789671693,8.602070789671693,201.63437503028695
345,0,2,O,930.8809180734694,1132,8.027938261711302,8.027938261711302,157.33032777174174
345,1,24,H,1152.8846043755102,1440,3.3059986888601642,3.3059986888601642,259.5654065506551
346,1,15,H,1056.3811967959184,1440,10.92735314776271,10.92735314776271,292.5575269727258
348,1,6,H,1059.6026373061225,1440,1.0077489468233196,1.0077489468233196,371.9994548036832
349,1,11,H,1060.6323344571429,1440,9.332757304102778,9.332757304102778,301.5946880086674
350,0,21,W,491.0279803836735,1068,14.06540927851767,14.06540927851767,500.2516053698665
352,0,4,O,1112.2667905918368,1320,9.217494109920956,9.217494109920956,157.45596880859443
352,1,7,H,1342.2699237061224,1440,3.0919101362068595,3.0919101362068595,71.96415849215373
354,1,2,H,1011.7915309306122,1440,8.726206320122145,8.726206320122145,355.4900830683698
355,1,11,H,1062.6076452244897,1440,4.095537536453081,4.095537536453081,343.26287530506784
356,1,2,H,1068.7482140571428,1440,2.7329438800407715,2.7329438800407715,348.4772536091841
358,1,5,H,1018.3033040408163,1440,10.201629676232585,10.201629676232585,336.68311532391203
359,0,5,W,451.0716207244898,1059,10.081102573032851,10.081102573032851,552.9405470589674
362,1,23,H,1097.1124032857142,1440,6.171884377278076,6.171884377278076,291.4552269036351
363,0,10,W,463.42508235714286,1051,8.190595633272178,8.190595633272178,542.8989414613725
365,0,17,W,442.92447318367346,1054,8.91296481754043,8.91296481754043,562.4593550842878
366,1,24,H,1049.3639222857144,1440,0.8204114902639787,0.8204114902639787,383.7993152954191
367,1,14,H,884.3504785,1440,1.2742068900478785,1.2742068900478785,545.0311307496011
370,0,6,W,475.73081645714285,1046,14.377271610363897,14.377271610363897,491.8477020317813
371,0,11,O,801.6528373265306,900,10.173357267468704,7.856955889334012,42.856123032731034
371,1,14,H,922.6510893367347,1440,3.0286465483161535,3.0286465483161535,492.1101894272974
372,1,9,H,1034.604859755102,1440,3.7558790647654714,3.7558790647654714,374.096148038519
373,1,10,H,1053.7030174795918,1440,5.943412380225032,5.943412380225032,336.7685460185328
374,0,18,W,475.7613820204082,1039,11.318968551644097,11.318968551644097,501.49878951607855
375,1,15,H,1055.0841398469388,1440,3.204131843500914,3.204131843500914,358.2147614572202
376,0,11,W,471.2983544857143,1049,7.818077414462374,7.818077414462374,535.0575868899455
376,1,13,H,1077.3040372204082,1440,3.8940347950399605,3.8940347950399605,330.2456728209254
377,0,3,W,475.8016163265306,1022,10.085511108298633,10.085511108298633,491.18650490093137
378,0,21,W,463.75548035714286,1058,8.007431438713832,8.007431438713832,550.5676208862362
379,1,23,H,1065.9410181714286,1440,1.5597455323946434,1.5597455323946434,361.06110239194936
381,1,12,H,1038.3643824,1440,5.381305386771718,5.381305386771718,356.79140604356894
382,1,18,H,1065.8175344489796,1440,4.55973710034128,4.55973710034128,336.18465638150974
384,0,14,W,439.801637877551,1058,10.166526934279355,10.166526934279355,562.7445788445616
386,1,23,H,1059.2637303571428,1440,4.926322722016158,4.926322722016158,339.6835802927226
388,1,19,H,810.5818946040816,1440,10.52467982651979,10.52467982651979,541.7124401749201
390,0,3,O,848.6838223428572,956,9.13975861305222,9.13975861305222,57.462948858676214
391,1,10,H,1043.8028124081632,1440,6.17803735627567,6.17803735627567,344.7135429562063
392,0,20,W,483.00470081632653,1037,14.28513598121707,14.28513598121707,476.07637564976216
393,1,15,H,1041.0602320204082,1440,8.27467731977341,8.27467731977341,329.9841236481468
394,1,17,H,1059.7577785714286,1440,7.2839613593917285,7.2839613593917285,319.5425434336403
395,1,1,H,1335.845997110204,1440,5.95240811736663,5.95240811736663,54.550601911740614
396,1,15,H,1140.9211818040817,1440,3.6083110192582666,3.6083110192582666,269.0095597020995
397,1,8,H,1042.9184025510203,1440,7.485302551435993,7.485302551435993,334.704076187013
402,1,3,H,1057.9278708571428,1440,8.8463618686481,8.8463618686481,308.3524469041231
404,0,16,W,476.23187892244897,1051,9.821329782471231,9.821329782471231,521.1972313549807
405,0,16,O,1135.9027389999999,1320,13.8136045426783,13.8136045426783,108.75032713084579
406,0,12,O,1080.941924142857,1262,10.4999966410201,10.4999966410201,123.78536690612418
407,1,24,H,1096.3646469591836,1440,5.16956273528357,5.16956273528357,300.5556635801199
409,0,16,W,447.9256605306122,1059,10.98089105835469,10.98089105835469,551.1785700601804
410,1,4,H,1049.9217892734694,1440,5.519912117057288,5.519912117057288,344.07894308438654
411,1,16,H,1328.5525905,1440,2.181307710090813,2.181307710090813,93.26984524924319
414,0,17,W,469.94591108163263,1068,10.940634901491844,10.940634901491844,538.3778985465937
416,0,22,W,474.2764555612245,1058,9.902546209185353,9.902546209185353,529.7096560250372
417,1,2,H,1045.8533142204083,1440,7.055781558748109,7.055781558748109,335.34850612335754
418,0,21,W,462.2654392857143,1060,12.971209033098273,12.971209033098273,526.9825114428406
419,1,10,H,1039.006101632653,1440,3.854018044032312,3.854018044032312,368.8770813337444
420,1,22,H,1171.00066,1440,4.033718649171465,4.033718649171465,235.38501792357124
422,1,4,H,1087.4244391938776,1440,4.2268349270796595,4.2268349270796595,317.3519364137919
423,1,20,H,1076.9352251428572,1440,9.329278016471877,9.329278016471877,285.32079138654376
424,0,6,W,450.903498,1044,10.255675453693875,10.255675453693875,537.1564540707607
425,1,10,H,1061.7700020408163,1440,1.911486490369228,1.911486490369228,362.3009438727736
428,0,19,W,482.6889640734694,1050,13.904662225452217,13.904662225452217,491.46742378770034
429,1,9,H,1336.0546570408164,1440,6.633268770177464,5.840172384924564,48.66810320770469
431,0,12,W,480.3102926734694,1030,11.249821369690025,11.249821369690025,488.3270453100395
432,1,6,H,1077.8930782571429,1440,5.5978784389505805,5.5978784389505805,315.45793475160235
433,1,2,H,810.3504980306122,1440,1.6909810332200372,1.6909810332200372,615.5579933592207
434,1,24,H,1056.087911110204,1440,10.438794251906778,10.438794251906778,296.92213679057295
436,1,12,H,1088.6673050285715,1440,8.524215919030553,8.524215919030553,280.2975623128407
437,1,13,H,1084.2655138693879,1440,9.371465284286874,9.371465284286874,277.6389420948883
438,1,11,H,1051.806419510204,1440,8.519363594233733,8.519363594233733,317.1988838711816
440,0,8,W,462.928776,1049,7.232910528431759,7.232910528431759,546.6189847540086
440,1,11,H,1067.9289921836735,1440,2.5271165765074457,2.5271165765074457,351.01170301209777
441,0,15,W,463.33209553061226,1033,13.978647282303116,13.978647282303116,493.42073747500706
442,1,1,H,1070.8826640163265,1440,8.458046482339363,8.458046482339363,298.63361529751205
444,0,15,O,720.3027329387755,925,11.474913913895799,11.474913913895799,142.10682753088372
445,0,6,W,451.97811471020407,1015,9.113378162049335,9.113378162049335,513.312549860436
449,1,2,H,1035.5049769387756,1440,5.362542509894119,5.362542509894119,359.80716881210674
452,0,4,W,444.904224,1050,9.04554769047137,9.04554769047137,555.7564249610652
453,1,13,H,1076.659180832653,1440,13.699537490805143,13.699537490805143,249.17800674397085
455,1,10,H,1071.921645689796,1440,7.078718082878948,7.078718082878948,309.0890369528795
456,0,24,W,464.09510834285715,1039,8.758947454246451,8.758947454246451,527.1288146339805
457,1,8,H,1079.362410020408,1440,6.3011532855534735,6.3011532855534735,308.1279792666462
458,1,7,H,1064.299540465306,1440,7.551569604333906,7.551569604333906,312.7707128319114
460,1,18,H,902.700726,1440,11.057022528819422,11.057022528819422,445.1574195931714
461,1,24,H,1101.5362851836735,1440,6.837709079879183,6.837709079879183,281.4828058173332
462,1,18,H,1067.6287248163264,1440,7.32209847576811,7.32209847576811,311.3537878856059
464,0,10,W,464.0178873469388,1052,12.891578906631775,12.891578906631775,517.6644095259788
465,1,4,H,1057.059999,1440,3.6878139875339677,3.6878139875339677,352.20821777055016
467,1,22,H,1229.4213662,1440,8.438873106483001,8.438873106483001,140.25469124597498
468,0,19,O,468.30190030204085,659,13.872863803973733,13.872863803973733,115.02793349446608
470,0,1,W,485.5352157142857,1050,9.612981371839828,9.612981371839828,512.0303404393153
471,1,2,H,1053.0464717714285,1440,1.9275388517684888,1.9275388517684888,370.890704463834
473,0,2,W,499.8459243755102,1066,11.977398033165635,11.977398033165635,500.8228136254045
474,1,9,H,1067.6840796183674,1440,1.474086449273937,1.474086449273937,360.03186663768315
475,1,15,H,1326.3023477142858,1440,1.5780271983854206,1.5780271983854206,100.54742563250238
476,0,3,O,1171.9016594285715,1320,12.496260609945589,12.496260609945589,79.93691906263439
478,0,11,W,473.9210824,1043,13.269559568761688,13.269559568761688,496.6995017703908
480,1,15,H,1043.0602320204082,1440,2.3631870410016376,2.3631870410016376,377.2465426379115
481,0,22,O,770.1015321428572,948,8.799407152464767,8.799407152464767,129.90170157097134
481,1,14,H,959.101221,1440,1.6496129159072623,1.6496129159072623,467.15200470077286
482,0,13,W,452.9117756122449,1033,9.100143057464065,9.100143057464065,530.4510804379511
482,1,17,H,1057.9140021020407,1440,3.3294605305729874,3.3294605305729874,354.3404934765176
484,1,24,H,1023.0416632,1440,1.9651093482885216,1.9651093482885216,400.5824255642623
485,1,21,H,1075.8021874285714,1440,4.85502478961452,4.85502478961452,323.7392726579742
486,0,6,W,486.3606120897959,1041,9.121828425945669,9.121828425945669,504.8839601323187
486,1,16,H,1060.3679688,1440,2.81450572050246,2.81450572050246,356.17781686247963
488,1,14,H,1090.9242994489796,1440,4.856223048510429,4.856223048510429,308.60717514676685
489,0,24,W,451.06093789387756,1062,8.129330290096956,8.129330290096956,566.5972605237755
490,1,12,H,1074.9084838693877,1440,9.959316486095007,9.959316486095007,282.09721207982057
492,0,3,O,1110.7511954081633,1320,10.734842068044689,10.734842068044689,150.6951205843202
493,1,3,H,1042.3549439387755,1440,4.371063428738697,4.371063428738697,361.21952748840204
494,1,24,H,1083.548642,1440,9.975192979957912,9.975192979957912,273.3247498336841
496,1,19,H,1046.2256750571428,1440,14.198273504430533,14.198273504430533,275.4553790726027
500,1,9,H,1057.0673516020408,1440,1.8049987479962688,1.8049987479962688,367.89099216465684
501,1,7,H,1099.7390248571428,1440,10.83576981899794,10.83576981899794,249.96289331787443
502,1,5,H,1053.7583072448979,1440,5.041322322873892,5.041322322873892,344.2306733978196
504,0,17,W,467.3344580612245,1041,9.73780752418769,9.73780752418769,520.550228170479
505,1,23,H,1049.360864744898,1440,9.062422454237119,9.062422454237119,315.11894813645927
506,1,22,H,807.9205412,1440,6.460966807928546,6.460966807928546,578.2380687339288
509,0,24,W,463.6218756326531,1033,12.138217695166722,12.138217695166722,503.16966421189204
512,1,23,H,1061.9410181714286,1440,9.95757281437371,9.95757281437371,295.07920837545726
514,0,14,W,437.3514647959184,1058,9.554485742552009,9.554485742552009,568.5331584265252
516,0,20,W,467.18078024489796,1041,8.01983536958842,8.01983536958842,530.0746631937106
516,1,4,H,1065.179932010204,1440,3.2291182868519304,3.2291182868519304,347.9107489326966
517,1,19,H,748.902351755102,1440,6.866679860695674,6.866679860695674,633.8753160724341
518,1,13,H,1083.6689865469389,1440,9.32262644357801,9.32262644357801,278.64245975657764
522,0,6,W,464.66409123265305,1051,13.136721479912222,13.136721479912222,514.6810643314622
523,1,18,H,1052.3676409142856,1440,0.7830115060389566,0.7830115060389566,381.1072632020564
526,0,22,W,450.30582685714285,1057,10.91048791751147,10.91048791751147,547.1824208655219
527,1,24,H,1043.0427380571427,1440,0.16846942820797395,0.16846942820797395,395.5533500411241
528,0,20,W,439.3514452653061,1049,8.676567249635927,8.676567249635927,562.3218242821343
529,1,19,H,1053.6056234693879,1440,1.3105911390624527,1.3105911390624527,375.4727837050916
530,1,7,H,598.3610296,1440,4.910482804457338,4.910482804457338,800.7182803628554
531,1,9,H,1084.1157154081632,1440,4.878666224660485,4.878666224660485,315.22873271966614
532,1,18,H,1075.902342367347,1440,10.031452922767857,10.031452922767857,280.50221660958755
533,1,6,H,1072.3353357061224,1440,8.184484829025052,8.184484829025052,299.46062405200223
535,0,23,W,452.26554030612243,1042,7.321940845954801,7.321940845954801,549.7966005341241
536,1,15,H,1049.3570296163266,1440,6.276970999880447,6.276970999880447,338.334878718003
537,1,3,H,1062.725216155102,1440,5.6227887065979765,5.6227887065979765,330.4182112899148
538,1,24,H,1060.8932312489796,1440,4.787946170338024,4.787946170338024,339.20721733153687
539,0,12,W,454.2728267632653,1046,10.17086653370715,10.17086653370715,536.2497194165139
539,1,15,H,1068.3160519142857,1440,3.0917293449440812,3.0917293449440812,345.9195368778469
540,0,12,W,504.9143371265306,1053,9.827744732312444,9.827744732312444,494.4797825154015
542,1,19,H,1067.7353044571428,1440,8.047341596740198,8.047341596740198,305.2035155700223
543,1,11,H,1091.6858420408164,1440,9.822170150966908,9.822170150966908,266.46274003445933
544,0,6,W,445.3625872,1064,13.297546184720963,13.297546184720963,546.105342701522
546,1,4,H,1051.6737760081633,1440,6.517777958728441,6.517777958728441,334.01140766909975
549,1,15,H,1046.8048087163265,1440,6.777311429520823,6.777311429520823,336.7175960376667
550,1,16,H,1061.351669867347,1440,0.3277185648722565,0.3277185648722565,375.91734209205083
551,0,1,W,474.8005603265306,1065,10.286616758884024,10.286616758884024,534.0906209886475
553,0,12,O,498.254664277551,688,11.584968813982929,11.584968813982929,126.55459673708754
554,1,17,H,1071.9764143346938,1440,1.3857661497420253,1.3857661497420253,356.47553441745595
556,1,11,H,1085.8302121734694,1440,8.843040287192895,8.843040287192895,280.4777854332565
559,0,18,W,466.7278903877551,1061,8.990553815133786,8.990553815133786,545.2327251660606
560,1,17,H,1057.8648100734695,1440,9.412468335224018,9.412468335224018,303.69795379966376
561,1,21,H,1050.0638697653062,1440,4.696865368641541,4.696865368641541,350.7955854960144
562,0,18,W,430.7226532,1045,10.292165663065317,10.292165663065317,558.1382613650983
563,1,9,H,824.9020305102041,1440,9.37519604716714,9.37519604716714,536.9713357634031
565,0,16,W,460.351914,1063,9.286727537037795,9.286727537037795,551.9932085252483
567,1,14,H,1056.614579265306,1440,0.9837702695410684,0.9837702695410684,375.1873351551851
572,0,13,O,595.9046186530612,865,11.951028523249615,11.951028523249615,203.90795303830453
573,1,21,H,1051.904979632653,1440,6.193823785197733,6.193823785197733,336.4798221573658
574,1,14,H,1083.7048934795919,1440,8.338358017322932,8.338358017322932,286.80878970938375
575,1,4,H,1029.6541808979591,1440,5.391286143575469,5.391286143575469,365.41843457224536
576,1,23,H,1312.800528,1440,3.0499549577053457,3.0499549577053457,101.7831806857887
578,0,18,W,466.7278903877551,1016,10.095719410092485,10.095719410092485,494.2045491935586
578,1,8,H,1039.7065750816328,1440,3.3340341804701428,3.3340341804701428,372.5098067477827
579,1,5,H,1185.5028571938776,1440,8.152879039507951,8.152879039507951,186.5564841435562
581,0,21,W,439.7541839285714,1039,9.942320273798126,9.942320273798126,545.0149782143478
582,1,1,H,1204.3426626285714,1440,12.110455854531224,12.110455854531224,134.73687191700174
583,0,11,O,733.9032723877551,1015,9.374681619410657,9.374681619410657,229.96210059727764
583,1,8,H,1033.905066510204,1440,2.5272004000063895,2.5272004000063895,385.0349301564095
584,1,4,H,1052.172840367347,1440,5.048407243556598,5.048407243556598,345.7570992696815
585,1,13,H,1062.9747042612246,1440,7.8877117343832825,7.8877117343832825,311.29436461891464
586,0,19,W,458.69702045714286,1054,7.265775523614231,7.265775523614231,555.6714766867794
586,1,3,H,1076.724200334694,1440,3.3797884648547623,3.3797884648547623,335.11089579151644
587,1,12,H,797.8627462734694,1440,8.360847428017287,8.360847428017287,572.4635251597199
588,1,12,H,1024.403762,1440,5.44184112361253,5.44184112361253,370.24756196989574
590,1,8,H,1034.9123009183672,1440,6.7039515473624345,6.7039515473624345,349.22143618694577
591,1,22,H,1090.9219066122448,1440,9.284315387688682,9.284315387688682,271.7087984903494
592,1,19,H,1068.3067046979593,1440,8.396769556092176,8.396769556092176,301.7202156679393
593,1,4,H,1022.0023706122449,1440,5.261644149061228,5.261644149061228,374.1505948122449
594,1,4,H,1048.0116240816326,1440,8.122831685364016,8.122831685364016,324.29811187366727
597,0,17,O,1098.3107950408164,1257,7.277104981778956,7.277104981778956,118.995905058571
600,0,2,O,611.720423477551,825,7.768083864001884,7.768083864001884,170.9082099915297
600,1,13,H,837.7213992,1440,1.9325953577712127,1.9325953577712127,586.1736394852398
603,1,15,H,590.051386,1440,1.7697680828153075,1.7697680828153075,835.2005466432057
604,1,16,H,1047.7769505612246,1440,7.163605061278311,7.163605061278311,332.5263405947894
605,1,9,H,1221.3221400163266,1440,5.255170640666293,5.255170640666293,174.88477131145441
607,1,22,H,1052.0530467755102,1440,5.100843962289993,5.100843962289993,345.43992020540645
608,1,10,H,858.700957,1440,3.7563265964390027,3.7563265964390027,549.9963213630083
609,1,16,H,1076.3516893979593,1440,6.761451558028316,6.761451558028316,307.3028809518048
611,0,17,O,771.051942622449,897,13.225699288910851,9.864777896973495,53.807879438037276
612,1,6,H,1053.601481632653,1440,2.850763266613754,2.850763266613754,362.6421578122322
613,1,9,H,916.0412144,1440,9.811367408759496,9.811367408759496,442.19739052700425
614,1,11,H,1004.6011853061225,1440,5.977344062354106,5.977344062354106,385.5876141742599
616,0,22,W,490.6212735510204,1043,7.535429095290471,7.535429095290471,511.27638592921335
616,1,24,H,1055.6165242448978,1440,1.684754191291841,1.684754191291841,370.3438574943368
617,1,12,H,1070.9034328489795,1440,5.893913647618239,5.893913647618239,319.98062008753527
619,1,2,H,1090.3687161959183,1440,8.459247907635046,8.459247907635046,279.13755124045633
620,0,17,O,589.3214800163265,812,8.988591269034583,8.988591269034583,173.64984033439396
620,1,6,H,825.3222267591836,1440,2.0127677007324465,2.0127677007324465,597.904709068046
622,0,19,O,1128.9871750081634,1275,9.445227801984835,9.445227801984835,94.49340061737394
623,0,21,W,460.51131428571426,1063,7.466434051039663,7.466434051039663,561.762681799524
624,0,15,W,443.35117595510206,1027,13.624267805695872,13.624267805695872,509.33463601382954
625,0,20,W,456.35149409183674,1032,9.781289884480746,9.781289884480746,522.2960156291774
626,1,17,H,899.600726,1440,0.9619965429808097,0.9619965429808097,532.3826361418265
627,0,18,W,438.802112,1036,13.33970351885437,13.33970351885437,524.4358688062489
628,1,2,H,1057.9222491591836,1440,4.534131480454718,4.534131480454718,344.2933218370272
630,1,11,H,1088.750437755102,1440,4.3457794525369895,4.3457794525369895,315.03473347375643
631,0,2,W,474.9165580734694,1063,12.239798482326322,12.239798482326322,521.3209047502053
633,0,1,W,456.95746319591836,1053,9.321889588414692,9.321889588414692,545.1958663218197
635,1,5,H,1089.0364433346938,1440,9.623553282751885,9.623553282751885,270.76727930904053
636,0,3,O,913.3519635,1031,7.363876345938477,7.363876345938477,77.48143824942645
637,1,23,H,1043.2521971938775,1440,0.7910733087351716,0.7910733087351716,390.1555252333294
640,1,17,H,1016.7512459183673,1440,3.476515108771986,3.476515108771986,394.27779484186624
641,0,12,W,495.9143371265306,1044,11.034755212598055,11.034755212598055,487.8960889865709
645,1,11,H,1070.949406387755,1440,3.360962927800232,3.360962927800232,341.0425692139097
646,1,1,H,1063.3680867714286,1440,5.245866467571851,5.245866467571851,332.91635933213934
647,1,16,H,749.700957,1440,8.236046720755002,8.236046720755002,621.6653203270416
648,1,9,H,849.041926122449,1440,7.0561232415534505,7.0561232415534505,532.1570468646055
649,1,18,H,1057.927804857143,1440,3.062742117789064,3.062742117789064,356.5493441612814
651,1,17,H,1072.3351813673469,1440,9.117797001482876,9.117797001482876,291.6831769536291
652,1,17,H,1082.858831820408,1440,4.760390417947752,4.760390417947752,317.47124803002725
653,1,19,H,1332.7225888163266,1440,5.174583106927191,5.174583106927191,64.15588529261345
654,1,3,H,1062.3646930816326,1440,7.520952977002382,7.520952977002382,314.96069877668083
657,1,3,H,1067.8772765204083,1440,5.185453229625164,5.185453229625164,328.9106132327154
661,1,9,H,1064.0789756836734,1440,5.343573515153789,5.343573515153789,331.39124502337836
662,1,24,H,1071.3617650285714,1440,2.1122816642394824,2.1122816642394824,351.035887769433
663,1,4,H,1304.9205412,1440,0.3254796538931899,0.3254796538931899,132.3671283508902
666,1,8,H,1068.3757319183674,1440,2.249725621236742,2.249725621236742,352.87655457132655
668,1,5,H,1086.5800815204082,1440,8.729507984234791,8.729507984234791,280.6740186109687
670,0,17,W,452.33290840816323,1050,13.393354666547996,13.393354666547996,524.6124297743022
671,1,16,H,613.3504785,1440,7.761493378007822,7.761493378007822,761.9704100166014
674,1,10,H,966.6239598653061,1440,11.91806573689123,11.91806573689123,374.0588256606003
675,1,19,H,1078.2569294244897,1440,9.320820770334429,9.320820770334429,284.0695641560567
677,1,3,H,1329.72160797551,1440,3.87743051105204,3.87743051105204,77.9664710990562
678,0,15,W,495.291388522449,1030,10.734797791057575,10.734797791057575,476.1551689808733
679,1,1,H,653.501533489796,1440,14.021166802138735,14.021166802138735,669.6554098257145
681,0,8,W,449.84567546122446,1065,8.646157346352764,8.646157346352764,567.9934662859423
681,1,23,H,1080.8537164163265,1440,2.457618102227258,2.457618102227258,338.6661327317797
682,1,17,H,1276.0008620408164,1440,2.620745107481021,2.620745107481021,142.15959539684172
683,0,17,W,471.8743911183673,1048,12.053658093196956,12.053658093196956,510.3783829187402
684,0,17,W,431.7521130102041,1046,11.361835923458019,11.361835923458019,552.2742364982067
685,1,10,H,770.2603696,1440,12.881271978862348,12.881271978862348,562.3956972428138
686,0,19,W,496.29848823673467,1045,10.13071523651073,10.13071523651073,493.4430650186614
687,0,18,O,483.76713344897956,593,12.225426884809579,7.800598649544167,42.548719906604504
688,0,1,W,468.3704806857143,1055,11.187064850813998,11.187064850813998,525.609165582573
689,1,15,H,651.9205412,1440,6.02170806710471,6.02170806710471,737.8985582407942
690,1,5,H,1093.6706655061225,1440,13.087854285925694,13.087854285925694,237.2638821111634
691,1,15,H,1041.754613265306,1440,6.2903741583139805,6.2903741583139805,345.82560208207747
693,1,4,H,1069.9323514489795,1440,4.233683811763152,4.233683811763152,334.786950119661
694,0,19,W,437.0822326857143,1032,8.711462927067828,8.711462927067828,547.4006968030067
694,1,1,H,1042.0845709714285,1440,1.6969930596216187,1.6969930596216187,383.7738201983914
695,0,24,W,459.08830845714283,1010,12.72085357697831,12.72085357697831,481.52521748661184
698,0,9,O,830.801056,966,12.214206145655595,12.214206145655595,68.57600138733312
699,1,17,H,1095.6838388061224,1440,3.8873170916384154,3.8873170916384154,311.9218520968909
700,1,4,H,1056.9215462857144,1440,6.306991126464791,6.306991126464791,330.520194327079
701,0,22,O,1099.6422838693877,1213,14.048945902983824,6.733302054295095,36.72710211433696
702,1,17,H,1081.3224576857142,1440,11.41946781222206,11.41946781222206,263.51531054576867
703,1,1,H,1055.8986039183674,1440,6.062457568373475,6.062457568373475,333.580916345187
704,1,19,H,1069.3690395755102,1440,5.537693235219967,5.537693235219967,324.48351679765665
710,1,15,H,911.7216211755102,1440,2.9721186335912506,2.9721186335912506,503.51072354456267
711,1,14,H,700.00066,1440,7.393729663929754,7.393729663929754,678.3849261339186
712,1,18,H,1104.5432441428572,1440,9.152204165015924,9.152204165015924,259.1883878153433
716,1,13,H,1044.327126922449,1440,6.3049105734604325,6.3049105734604325,343.1319516320475
717,1,3,H,1040.2535525510204,1440,7.5714114527168626,7.5714114527168626,336.65135200967234
718,1,18,H,1039.9095141020407,1440,8.099331994461425,8.099331994461425,332.5960526107808
719,1,2,H,1039.7011230102041,1440,7.518448667298179,7.518448667298179,337.64513809564437
720,0,23,W,470.65524034285716,1055,7.341644366362285,7.341644366362285,544.2994267497122
720,1,2,H,1069.6609874612245,1440,2.464587727986654,2.464587727986654,349.80078147222
721,1,23,H,818.6714924755101,1440,7.967590876683133,7.967590876683133,554.9319168854638
722,1,23,H,1060.6029928979592,1440,6.473406211135998,6.473406211135998,325.45195534257414
724,1,24,H,1067.9187411918367,1440,6.698804702110426,6.698804702110426,316.2578862905764
726,1,17,H,1049.9119143469388,1440,5.35829962576036,5.35829962576036,345.43558877172495
727,1,8,H,1071.9250033387755,1440,7.294656651789655,7.294656651789655,307.28619122964415
728,1,14,H,1082.3682217142857,1440,9.818249126523146,9.818249126523146,275.8130355646881
729,1,1,H,1075.9916743632652,1440,13.357538215551896,13.357538215551896,252.6955071738023
731,1,17,H,1070.3162879978313,1440,3.894041543817579,3.894041543817579,337.2333658036889
734,1,24,H,1039.7626903755101,1440,4.928866361082321,4.928866361082321,359.1634232821373
735,1,22,H,1066.7039549489796,1440,6.098248768667625,6.098248768667625,322.47730531212346
736,1,17,H,1036.805382367347,1440,6.976548814765247,6.976548814765247,345.0567108429427
737,0,17,W,451.33290840816323,1041,7.229487189544438,7.229487189544438,550.2335251034126
739,1,2,H,1055.7050877244899,1440,6.814819758206609,6.814819758206609,327.5047476237885
740,1,23,H,1086.5054466836734,1440,3.6368521252093853,3.6368521252093853,323.1874522729149
741,1,13,H,1081.121173877551,1440,8.713921168083992,8.713921168083992,286.2628163884158
743,0,17,W,465.97314612244895,1030,14.060499885086537,14.060499885086537,487.3332181407154
744,1,9,H,1033.9069185510205,1440,4.0461110793545725,4.0461110793545725,372.3754891210249
746,1,3,H,819.3220592,1440,3.797897142110534,3.797897142110534,589.0287979490788
747,1,12,H,1323.3611088,1440,4.400982965534899,4.400982965534899,79.96403315387579
748,1,18,H,1067.3643597714286,1440,1.672567821695793,1.672567821695793,358.69757504777317
749,1,17,H,719.0411088,1440,2.6123509311090345,2.6123509311090345,699.1893001074249
751,1,11,H,1019.1623156571428,1440,9.422966514050682,9.422966514050682,342.3129633924349
752,1,24,H,1051.3487202163265,1440,9.266065195109936,9.266065195109936,311.4340698244241
755,1,9,H,1256.8405544,1440,5.2741988136363105,5.2741988136363105,139.2077888196975
756,0,8,W,466.73145910204084,1032,9.075306965473668,9.075306965473668,515.76686654083
761,1,17,H,1041.6143422040816,1440,4.0796028912250275,4.0796028912250275,364.3889670357098
763,1,22,H,1069.0146681632652,1440,0.5322649801877475,0.5322649801877475,366.5497903351702
765,0,11,W,477.3265811632653,1064,10.648705655173375,10.648705655173375,528.5895698085162
766,1,23,H,1332.4217702816327,1440,6.096301402475028,6.096301402475028,56.775718031075485
767,1,10,H,1059.935013,1440,5.203439154168612,5.203439154168612,336.702994048595
768,0,4,W,453.35254874489794,1056,12.725907695515641,12.725907695515641,533.2334092795622
769,1,16,H,1078.7683638265305,1440,0.5237589944900698,0.5237589944900698,356.86697788605215
770,1,2,H,1070.9267199183673,1440,5.530259952871749,5.530259952871749,322.98778047436804
771,1,7,H,839.8423533714285,1440,4.435326085413708,4.435326085413708,563.1965959167906
776,1,9,H,1034.5034683673468,1440,5.998817909809139,5.998817909809139,355.5063823842436
778,1,9,H,1052.622524857143,1440,7.3778934902002575,7.3778934902002575,325.89502939118825
779,1,2,H,1059.9182766122449,1440,4.4890449642323595,4.4890449642323595,342.67301535248544
781,1,7,H,1060.926151489796,1440,11.281106289425695,11.281106289425695,285.0646294316566
783,1,2,H,1059.705898244898,1440,0.20812295840036654,0.20812295840036654,378.5597437684323
786,0,12,W,449.61552751020406,1040,11.447576582631998,11.447576582631998,527.9431456754396
787,1,8,H,1058.885448387755,1440,5.850574976278203,5.850574976278203,332.3597601432598
788,1,15,H,1064.6214984897958,1440,9.685649907107733,9.685649907107733,294.66475228430636
789,1,14,H,1074.0056571428572,1440,6.237488491684806,6.237488491684806,314.0152720931028
790,1,1,H,1075.088825142857,1440,4.737820881412201,4.737820881412201,325.4293341787079
791,0,6,W,481.3025238,1026,9.177264168417437,9.177264168417437,494.6396716449958
793,1,16,H,695.0515934285714,1440,3.3585481632060556,3.3585481632060556,716.9605052113781
796,1,10,H,1065.9685005306123,1440,4.0979098990778375,4.0979098990778375,339.88225031040565
799,0,6,W,503.90252110612244,1042,11.087347233411439,11.087347233411439,477.6210394389061
799,1,8,H,1070.9098096612245,1440,3.974239331972665,3.974239331972665,335.9715292390033
802,1,8,H,1045.3777138612245,1440,7.557814120210576,7.557814120210576,331.64050180368736
805,0,2,W,470.65787603265306,1056,8.963963274885693,8.963963274885693,536.4477788316067
806,1,22,H,1065.443558834694,1440,4.939140272970519,4.939140272970519,333.39693889055184
807,1,17,H,921.2230954,1440,5.0596659925850656,5.0596659925850656,476.61302132845765
809,1,10,H,1079.9470357755101,1440,7.086072296316599,7.086072296316599,301.0023617551849
810,0,20,O,787.7004785,1035,12.026211348484004,12.026211348484004,181.7020050537236
811,1,21,H,1078.840137765306,1440,8.133170848282598,8.133170848282598,293.3834384990057
812,0,20,W,472.36054754081636,1034,11.678943017419703,11.678943017419703,497.93612690962163
813,1,11,H,678.5012375,1440,2.9722271644020637,2.9722271644020637,736.7302027966495
815,1,19,H,783.7218291428571,1440,8.258312553078886,8.258312553078886,587.4588995814854
817,1,9,H,1058.6840796183674,1440,5.143440520322322,5.143440520322322,338.45391604561337
818,1,22,H,1050.3117385714286,1440,4.9518830325426,4.9518830325426,348.42256949071634
822,0,3,W,460.5642741836735,1052,9.13148726438919,9.13148726438919,541.6276134651127
823,0,15,W,447.8041643979592,1033,13.845669117019929,13.845669117019929,509.67400405465935
826,1,23,H,1257.5008839285715,1440,6.068992929001547,6.068992929001547,131.92417499641556
828,1,4,H,1129.2624829469387,1440,9.613664846598278,9.613664846598278,230.62364333140908
829,1,14,H,1282.8005387755102,1440,3.986133390338301,3.986133390338301,123.98168297167058
830,0,10,W,474.9426191632653,1062,8.883148587756516,8.883148587756516,538.6038430853355
831,1,20,H,1090.8655157244898,1440,6.1122647032334765,6.1122647032334765,298.1989450818978
832,1,6,H,728.8611597142857,1440,10.286290099130316,10.286290099130316,625.419756126295
834,1,6,H,1088.610223265306,1440,9.02047376102935,9.02047376102935,276.2191620594492
835,1,3,H,1074.9282277959185,1440,8.853264421207184,8.853264421207184,291.29456869402156
837,1,8,H,1057.6753227857143,1440,9.404200426336175,9.404200426336175,303.9563403281509
839,1,11,H,1025.803036,1440,3.7332767837369882,3.7332767837369882,383.08632413552505
841,1,20,H,1088.0405544,1440,7.789226598589707,7.789226598589707,287.0492239450857
843,1,9,H,1048.0611948897958,1440,8.51958851452568,8.51958851452568,320.9422341558236
848,1,19,H,1050.3613350857142,1440,0.7323765477388058,0.7323765477388058,383.5355270164623
850,1,11,H,1057.9289921836735,1440,4.5402723780505365,4.5402723780505365,344.23540466590543
851,0,20,W,451.605808,1064,10.08159500388495,10.08159500388495,557.4036737969911
852,1,24,H,1324.7367421125996,1440,3.3197127091872964,3.3197127091872964,87.59898531083968
853,1,15,H,1050.9392722693879,1440,2.7426710725225547,2.7426710725225547,366.2051354595908
856,1,10,H,1058.8227164591838,1440,4.5858045155735265,4.5858045155735265,342.9622459110369
857,0,1,O,804.8430289959183,990,9.577383253292982,9.577383253292982,132.91669871339275
857,1,16,H,1005.8447854040817,1440,2.457665307527982,2.457665307527982,413.6746703665185
858,1,8,H,1071.7057908265306,1440,3.1744523973320042,3.1744523973320042,341.84043919570263
861,1,17,H,1074.875460587755,1440,7.142138302639637,7.142138302639637,305.6067202235813
862,0,11,W,469.750825,1072,7.77579868655388,7.77579868655388,559.8357276187969
864,1,22,H,1077.309588857143,1440,2.6050583819019586,2.6050583819019586,340.981591293674
866,0,7,W,466.53974546938775,1063,9.470250821890037,9.470250821890037,544.8043409566666
866,1,12,H,1094.5658929183674,1440,4.211799575076409,4.211799575076409,310.33577728932914
868,0,21,W,435.301386,1050,7.303473170501002,7.303473170501002,574.861487615449
868,1,22,H,1056.31188,1440,0.8423644487500574,0.8423644487500574,376.6684162604163
870,1,18,H,684.7027666122449,1440,11.257330127297745,11.257330127297745,661.4861489936072
871,1,16,H,1055.3128982857143,1440,2.775526462826523,2.775526462826523,361.55771452406475
873,0,4,O,448.66465974489796,587,10.911396096204284,10.911396096204284,78.81863427580589
874,0,13,W,474.3787596244898,1058,8.298131201272053,8.298131201272053,538.3587065503899
876,1,3,H,1324.8010667755102,1440,2.106289540119139,2.106289540119139,97.64652039016369
878,1,2,H,1077.9267199183673,1440,8.461166716259488,8.461166716259488,291.5635574461369
880,1,21,H,1055.0638697653062,1440,0.3244570788444072,0.3244570788444072,382.23232124432366
882,1,2,H,1050.0571189081634,1440,2.9459450039481645,2.9459450039481645,365.3933393922687
884,1,1,H,807.0024648979592,1440,5.344474466258619,5.344474466258619,588.460247883219
885,1,17,H,1066.5122908163266,1440,2.9239978172312213,2.9239978172312213,349.12106070674645
886,1,8,H,1277.3504785,1440,8.225257416568603,8.225257416568603,94.10570969526157
887,0,14,W,488.9294050204082,1059,9.353310172917555,9.353310172917555,519.0525394909507
887,1,17,H,1077.948975367347,1440,2.5270468259055434,2.5270468259055434,340.9923010834402
888,0,3,W,488.69152252244896,1080,11.78364902412775,11.78364902412775,527.0340282550361
889,0,23,W,492.92320775510206,1076,7.416616903233715,7.416616903233715,542.6225182272594
893,0,8,W,472.0014681632653,1058,8.337324785338494,8.337324785338494,540.5222148257974
894,1,14,H,910.800528,1440,8.304064425476147,8.304064425476147,459.9989351210322
895,1,11,H,1344.9070835510204,1440,7.381029102451544,4.030120871426011,33.584340595216645
897,0,19,W,504.26721316734694,1066,13.514426492436684,13.514426492436684,488.01773323754384
898,1,8,H,887.800528,1440,7.316622137177994,7.316622137177994,491.2276208568501
899,0,10,W,441.0588719489796,1055,8.97447131998797,8.97447131998797,564.9894663056315
900,0,8,W,482.96566730612244,1057,8.097595830322675,8.097595830322675,529.8656281648448
900,1,11,H,1075.949406387755,1440,2.5270453240520894,2.5270453240520894,342.99188257847754
901,1,1,H,1351.5115850204081,1440,8.144630214808897,2.4739795827421283,20.616496522851094
902,1,15,H,1159.9020931428572,1440,5.537876018927815,5.537876018927815,233.9489400327443
906,1,2,H,1072.5332491836734,1440,8.193531016037518,8.193531016037518,299.1873256826807
907,0,11,W,473.8320800408163,1061,7.819623910479702,7.819623910479702,544.5154259020217
907,1,21,H,1080.840137765306,1440,2.6474213458371345,2.6474213458371345,337.0980176860512
909,1,9,H,1054.761448979592,1440,3.738705429217692,3.738705429217692,354.082672443594
911,1,24,H,1071.3775460530612,1440,3.1792858339195647,3.1792858339195647,342.1284053309423
912,1,3,H,1069.706219779592,1440,11.936177828049885,11.936177828049885,270.8256316533257
913,1,8,H,984.220693,1440,6.036179395844648,6.036179395844648,405.47781203462796
914,1,8,H,1071.9098096612245,1440,7.484979297457661,7.484979297457661,305.7153628599617
917,1,7,H,1057.369654857143,1440,5.041866069609494,5.041866069609494,340.6147945627779
918,1,20,H,1067.4241169387756,1440,7.24674012350782,7.24674012350782,312.1863820319927
919,0,1,O,862.1432220122449,1069,9.98486388388773,9.98486388388773,152.39388407564024
919,1,18,H,1097.1786196979592,1440,4.1013304520373435,4.1013304520373435,308.6436265350628
921,1,8,H,689.6513402040816,1440,8.574079578858026,8.574079578858026,678.8979966387681
922,1,3,H,726.7504125,1440,3.790854515284238,3.790854515284238,681.6591332059647
925,1,9,H,667.04132,1440,5.334758963061377,5.334758963061377,728.5023553078217
927,1,17,H,678.7505303571429,1440,3.474196522762522,3.474196522762522,732.2978319531694
929,1,10,H,1024.9211597142857,1440,1.5370900994367318,1.5370900994367318,402.26975612374144
930,1,4,H,1053.2658419428572,1440,7.822339073597583,7.822339073597583,321.5479991104962
931,1,12,H,958.9033074081633,1440,6.064856988144184,6.064856988144184,430.5562176906351
932,0,21,W,426.6705412,1062,9.377036296363483,9.377036296363483,584.1819880925628
933,0,17,W,437.5031400510204,1054,12.727879931303944,12.727879931303944,547.0720603236854
934,1,8,H,1047.3515526836734,1440,5.6205210603374045,5.6205210603374045,345.810771813515
935,1,22,H,1067.113097632653,1440,9.126295154875423,9.126295154875423,296.8344427433851
936,1,10,H,966.800528,1440,2.7608060094879185,2.7608060094879185,450.19275525426747
938,0,12,O,914.3611088,1170,13.284484890927537,13.284484890927537,183.1780645222134
939,0,20,W,455.6710233571429,1039,8.235196142679094,8.235196142679094,538.4097249555166
940,0,6,W,482.9198885346939,1055,12.35184307434675,12.35184307434675,504.70642196886934
941,1,17,H,1053.85031162449,1440,10.34699637665478,10.34699637665478,299.9247185700535
942,0,2,O,915.904224,1158,11.458059212134362,11.458059212134362,179.59727120653986
943,1,22,H,1048.8481400897958,1440,1.7921744584734718,1.7921744584734718,376.21707275625863
945,1,12,H,1051.9453064,1440,4.352946081783738,4.352946081783738,351.780142918469
949,1,9,H,1067.1228484591836,1440,2.2288374436205025,2.2288374436205025,354.3035061773121
952,1,19,H,1061.0935997714287,1440,11.719752304571188,11.719752304571188,281.24179769047805
953,1,16,H,1048.6361491428572,1440,7.871308619202731,7.871308619202731,325.7696123637868
954,0,21,W,497.0192057510204,1042,7.6578066118436094,7.6578066118436094,503.21094000255994
954,1,6,H,1071.0180836163265,1440,4.221909973790867,4.221909973790867,333.7993332687495
955,1,17,H,1048.047128,1440,6.622385633757032,6.622385633757032,336.76632505202474
956,1,16,H,614.7518133163265,1440,4.37590986027114,4.37590986027114,788.7822711814139
957,1,22,H,1064.2723238265305,1440,11.629155546160954,11.629155546160954,278.8180466221281
960,1,23,H,1063.266744132653,1440,7.659726364198651,7.659726364198651,312.90220283235817
967,1,9,H,1039.5034683673468,1440,0.2908222867064083,0.2908222867064083,398.07301257676636
968,1,2,H,1069.8817868897959,1440,2.8215557801021447,2.8215557801021447,346.60524827601967
969,1,11,H,994.903485877551,1440,7.439846829192593,7.439846829192593,383.09779054584396
970,1,8,H,1330.3531885408163,1440,5.446668701031495,5.446668701031495,64.25790561725466
972,1,17,H,1061.9764143346938,1440,2.2476671936454693,2.2476671936454693,359.29302571826065
973,1,17,H,1054.85031162449,1440,9.771092282534777,9.771092282534777,303.7239193543869
974,1,10,H,1068.0813590918367,1440,3.2533543706916195,3.2533543706916195,344.8073544857332
978,1,12,H,1048.9453064,1440,9.783674409096307,9.783674409096307,309.52407352419755
979,1,6,H,1046.6006734693879,1440,1.9064250395425546,1.9064250395425546,377.5124512010909
980,1,9,H,1078.3622490612245,1440,1.0248786062577508,1.0248786062577508,353.0970958866276
981,1,19,H,1084.7091450612245,1440,5.335293801820313,5.335293801820313,310.8300732569396
982,1,10,H,1272.9205412,1440,5.71938115024914,5.71938115024914,119.41794921459064
983,0,21,W,469.96859239183675,1057,8.379067291788825,8.379067291788825,541.327404198406
983,1,1,H,1069.9697798530613,1440,2.181822992062525,2.181822992062525,351.8483618797511
985,0,15,O,1143.9218418040816,1320,8.184257059229509,8.184257059229509,131.4367560546666
985,1,7,H,1330.9222248734693,1440,1.629703354216467,1.629703354216467,95.4969138413935
988,1,19,H,1078.305370555102,1440,10.047421852820886,10.047421852820886,277.966114004724
989,1,2,H,1053.802086822449,1440,5.502235852656133,5.502235852656133,340.34594773875006
990,1,8,H,1285.841093444898,1440,4.619094706659112,4.619094706659112,115.66645066627598
991,1,8,H,1093.8961642285715,1440,7.242544777351945,7.242544777351945,285.74929596016227
992,0,16,O,560.2607656,736,12.909382339861438,12.909382339861438,105.32442163711949
994,1,7,H,1041.8007542857142,1440,4.187728401753629,4.187728401753629,363.30150903300546
995,1,19,H,888.8407949078221,1440,5.3415366838825715,5.3415366838825715,506.64639939315657
996,1,10,H,1062.323067,1440,5.192372726847715,5.192372726847715,334.407160276269
997,0,2,W,473.3932048897959,1047,8.552822798629117,8.552822798629117,526.9550343904089
997,1,11,H,1064.3702079306122,1440,2.4919018654480425,2.4919018654480425,354.863943190654
998,0,4,W,468.05704078571426,1079,8.631432290386837,8.631432290386837,563.8624194485394
998,1,22,H,1092.0538475306123,1440,1.7449704788245093,1.7449704788245093,333.40473181251673
999,1,12,H,1083.2675598693877,1440,11.581322355171558,11.581322355171558,260.22142050418256
1000,1,24,H,1143.2619076693877,1440,8.44238795151822,8.44238795151822,226.38485940129385
1002,0,8,W,472.96566730612244,1036,7.917560025805258,7.917560025805258,519.8476416440307
1003,1,15,H,1057.3811967959184,1440,6.89735943601854,6.89735943601854,325.140807903927
1004,1,10,H,1066.8199939591836,1440,4.545256919020712,4.545256919020712,335.3028650489771
1006,1,11,H,768.7513334693878,1440,3.3195387155882656,3.3195387155882656,643.5858439007101
1008,1,10,H,1062.935013,1440,4.312121982213002,4.312121982213002,341.1306371482249
1010,1,14,H,742.1020079489796,1440,8.749502624958236,8.749502624958236,624.9854701763685
1012,0,1,O,1151.6405412,1320,10.764742019147143,10.764742019147143,109.64268415010656
1014,1,17,H,1063.6802968081633,1440,5.7448031342391666,5.7448031342391666,328.44634373984354
1016,0,12,O,868.8652395918367,1027,10.265617256564473,10.265617256564473,102.14048446326615
1017,1,11,H,1065.8285719387754,1440,10.083666324658234,10.083666324658234,290.14087535573935
1018,1,19,H,1013.3604073142857,1440,5.370047354268932,5.370047354268932,381.88919806680667
1019,0,24,W,469.7143354693877,1048,7.92281593624711,7.92281593624711,535.0703048783553
1019,1,14,H,1071.721747,1440,3.3339723646614345,3.3339723646614345,340.49514996115477
1020,1,1,H,1068.9916743632652,1440,12.233154355784118,12.233154355784118,269.0653726718672
1021,0,17,W,476.0191130612245,1042,12.649311549855174,12.649311549855174,496.9846421213837
1023,1,15,H,1283.3428920122449,1440,5.852788858141292,5.852788858141292,107.88386750324435
1024,0,10,W,460.3536522244898,1032,12.843958155527265,12.843958155527265,501.58839419990693
1026,1,6,H,1064.706345044898,1440,5.339270386827106,5.339270386827106,330.79973506487613
1027,0,15,W,444.5125854591837,1046,8.043532446810822,8.043532446810822,557.6136011945755
1027,1,3,H,1053.5102114795918,1440,1.0028285616237902,1.0028285616237902,378.13288384020984
1028,0,12,O,499.3063955755102,728,11.708252456630165,11.708252456630165,164.8304092065071
1033,1,14,H,1076.9240527306122,1440,9.924071569296558,9.924071569296558,280.37535085858326
1037,0,16,W,442.2742445510204,1040,9.133283981937694,9.133283981937694,547.9078428202286
1040,1,13,H,1044.7237488,1440,3.332947438322705,3.332947438322705,367.50168921397744
1041,1,17,H,1070.2613432081632,1440,11.17326078058409,11.17326078058409,276.62815028696946
1043,1,2,H,1059.1809769755102,1440,11.941702955384033,11.941702955384033,281.3048317296227
1044,1,15,H,680.92066,1440,7.965063227058563,7.965063227058563,692.7038131078452
1045,0,20,W,451.605808,1059,13.074560222806447,13.074560222806447,536.0784089665103
1050,1,20,H,1028.6007408163266,1440,3.0188648387490318,3.0188648387490318,386.24205219409805
1051,1,11,H,1042.805172244898,1440,3.3995394891430113,3.3995394891430113,368.8653320122437
1054,1,17,H,1049.814808244898,1440,7.989804305886402,7.989804305886402,323.60348920604883
1056,1,4,H,1073.0628996326532,1440,3.3933405883841665,3.3933405883841665,338.65926213081207
1058,1,16,H,1092.8561110040816,1440,9.466402735115244,9.466402735115244,268.25719953662474
1059,0,9,O,858.8014169795919,1071,13.837301165502776,13.837301165502776,136.72239484493844
1060,1,16,H,1041.051542187755,1440,3.3276805587472627,3.3276805587472627,371.21778648935106
1064,1,9,H,1058.6100966530612,1440,9.64895157577849,9.64895157577849,300.9819735487847
1066,1,14,H,910.3610296,1440,8.257894088832682,8.257894088832682,460.8231863263942
1068,1,21,H,1067.8280233979592,1440,5.352378751696133,5.352378751696133,327.56882033790635
1069,0,16,W,450.9256605306122,1050,8.062019052629125,8.062019052629125,555.0996900914108
1069,1,14,H,1062.9363309795917,1440,1.7247996251387114,1.7247996251387114,362.690338810919
1071,0,3,O,915.303432,1072,9.183384699951455,9.183384699951455,106.60537872753753
1073,1,16,H,744.502145,1440,2.167756397961469,2.167756397961469,677.433218350321
1074,1,18,H,784.9038145306122,1440,5.761353998243987,5.761353998243987,607.0849021506879
1076,1,8,H,1060.885448387755,1440,9.064902002848095,9.064902002848095,303.57370158851086
1077,1,14,H,1043.9065542040817,1440,5.306613845878962,5.306613845878962,351.87166374692697
1078,0,6,O,1032.2634282285715,1170,9.000003519023192,9.000003519023192,88.64564348584759
1078,1,9,H,1192.2645250408164,1440,3.0919313678619353,3.0919313678619353,221.96938022700078
1079,1,4,H,835.3020507142858,1440,0.9022264953752313,0.9022264953752313,597.1793951575874
1080,1,22,H,1065.113097632653,1440,6.639682025506291,6.639682025506291,319.55621882146124
1083,1,8,H,1054.8462514122448,1440,2.342093742432393,2.342093742432393,365.636300734152
1085,1,14,H,1051.5206606938775,1440,10.28746426166569,10.28746426166569,302.75047045890847
1087,1,6,H,1060.7270978285715,1440,4.356631825674629,4.356631825674629,342.96763695747336
1089,0,17,W,472.9211376244898,1067,12.202002731267225,12.202002731267225,527.5224838413253
1090,1,5,H,1080.4387571530613,1440,8.706382014611771,8.706382014611771,287.00805939184056
1091,1,16,H,1075.5362797959183,1440,2.4306341229465076,2.4306341229465076,344.2084358461941
1092,1,12,H,1074.366011657143,1440,6.539532543282304,6.539532543282304,311.13788381550444
1093,1,1,H,1037.6451889469388,1440,6.205136698299052,6.205136698299052,350.64533856723574
1095,1,4,H,1052.9094770612246,1440,5.452607803494402,5.452607803494402,341.65212457632197
1098,1,9,H,1063.0756484081633,1440,2.1122408840979645,2.1122408840979645,359.3223442243536
1100,1,11,H,1059.3814009918367,1440,8.44589581455918,8.44589581455918,310.2361338868368
1101,1,10,H,1055.6765406,1440,2.4993390778320865,2.4993390778320865,363.4956337513993
1102,0,24,W,479.06374060408166,1032,12.248793856740072,12.248793856740072,486.1246565409725
1103,1,17,H,1229.6709537,1440,5.497915600185458,5.497915600185458,164.51308296512116
1105,1,10,H,1048.312488142857,1440,4.027774007446556,4.027774007446556,358.12272846175483
1107,1,24,H,1050.051910710204,1440,6.652986449421716,6.652986449421716,334.50653554461496
1109,0,23,W,489.9324370938775,1038,8.239770143652267,8.239770143652267,503.1233621225647
1109,1,15,H,1048.9321499265307,1440,1.6296559001887658,1.6296559001887658,377.487384238563
1110,1,18,H,1085.9130017714285,1440,5.984656403646916,5.984656403646916,304.21486153151386
1111,0,3,W,504.90352157142854,1041,11.34253400914232,11.34253400914232,474.22811110597695
1112,0,4,W,441.35254874489794,1044,11.220924858078916,11.220924858078916,541.4424065746716
1115,1,10,H,940.3424947999999,1440,2.8710645699267268,2.8710645699267268,475.73196711727724
1117,1,10,H,595.3405544,1440,7.7352405553606065,7.7352405553606065,780.1991076386616
1118,0,13,W,477.645424277551,1032,13.140481704265746,13.140481704265746,482.67922097190853
1120,0,4,W,476.6773619632653,1054,7.75921415265023,7.75921415265023,534.9996517495516
1120,1,17,H,1062.6802968081633,1440,1.3289919931410807,1.3289919931410807,366.244769915661
1121,1,12,H,1128.903645489796,1440,6.205514767147918,6.205514767147918,259.38373145063815
1122,0,22,O,608.901485,738,9.405905200614892,9.405905200614892,77.79357754210059
1123,1,8,H,1071.897269532173,1440,3.974239331972665,3.974239331972665,334.98406936805486
1124,1,10,H,1299.9205412,1440,3.900290654186133,3.900290654186133,107.57703668178237
1125,1,14,H,1085.9367342938776,1440,10.528062058272141,10.528062058272141,266.32941522052124
1127,0,3,W,453.62011922448977,1062,7.615816904177191,7.615816904177191,566.83906129818
1127,1,1,H,1074.6191507755102,1440,1.6847450044266346,1.6847450044266346,351.3413075209346
1128,0,1,W,454.3538183795918,1072,9.970312101445192,9.970312101445192,563.2626610670707
1128,1,11,H,1095.378080922449,1440,3.29404039952691,3.29404039952691,317.1715824148266
1129,0,20,W,450.3514452653061,1062,12.904861589733208,12.904861589733208,541.2584006088764
1130,0,23,W,461.5108765306122,1068,12.013038501580711,12.013038501580711,540.9634589153112
1131,0,24,W,472.3640278857143,1053,8.90364376658699,8.90364376658699,532.0706424783566
1133,0,23,W,446.10635485714283,1057,10.845392124656879,10.845392124656879,551.7369608265469
1134,0,19,W,480.36908321632654,1058,10.74256398453478,10.74256398453478,519.0351132316656
1135,0,1,W,445.8005495510204,1053,10.96649889271346,10.96649889271346,547.3821837614516
1137,0,4,O,1201.901419,1320,12.306104686080886,9.345301830585775,50.974373621377026
1138,1,13,H,1059.9747042612246,1440,3.643349920446015,3.643349920446015,349.6640464017253
1139,0,22,W,456.2733794897959,1050,8.823411548527975,8.823411548527975,545.5989211545971
1139,1,5,H,1067.287067755102,1440,2.306458239698035,2.306458239698035,353.49244691408103
1140,1,14,H,1137.1018658469388,1440,5.536982452546045,5.536982452546045,256.75661371517754
1142,0,17,W,489.6719049755102,1058,8.091417474464647,8.091417474464647,524.193090618319
1142,1,4,H,1066.6797541938774,1440,1.3289947700366689,1.3289947700366689,362.24528938915023
1144,0,1,W,456.51442638775507,1051,7.973838393226117,7.973838393226117,550.9919096491934
1144,1,6,H,1082.5387601836735,1440,4.211894403052245,4.211894403052245,322.36211979089103
1151,1,7,H,1080.8527606285713,1440,6.864722477050973,6.864722477050973,301.94121872933715
1153,1,24,H,1054.095741942857,1440,2.6198917229664644,2.6198917229664644,364.07182703242233
1154,1,8,H,718.9211376244898,1440,5.023010195188528,5.023010195188528,679.2204440822725
1156,1,11,H,1344.9070835510204,1440,8.30673702671871,3.1044129471588437,25.87010789299029
1157,0,22,W,473.9203219387755,1054,9.15482059008197,9.15482059008197,530.1442930244137
1157,1,19,H,1072.921917387755,1440,2.5271413276197094,2.5271413276197094,346.01857154874733
1158,0,15,W,452.3110314285714,1033,9.975918628456746,9.975918628456746,526.2748669616644
1159,0,18,W,462.82451428571426,1050,7.5113204188276015,7.5113204188276015,546.2046470661352
1159,1,10,H,1060.8199939591836,1440,1.6094280815406279,1.6094280815406279,365.7681053613112
1160,0,18,W,446.607577877551,1045,7.360912600887133,7.360912600887133,558.2419897539737
1160,1,16,H,1057.6361491428572,1440,1.6846856973215942,1.6846856973215942,368.32480337946276
1161,0,14,W,487.12150859183674,1032,12.207070275664467,12.207070275664467,478.29447172272074
1162,0,18,W,471.8036852244898,1024,9.682385267282996,9.682385267282996,499.38330422669384
1163,0,24,O,1022.0837035428572,1176,11.56829622903225,11.56829622903225,90.81649884423973
1165,0,12,W,497.9837029102041,1040,13.163090218416592,13.163090218416592,470.21762317115997
1167,0,9,O,837.802376,1034,10.152475867713157,10.152475867713157,140.82048290338275
1169,0,18,W,447.51863557142855,1051,10.547615596851433,10.547615596851433,545.9489157184728
1169,1,14,H,1076.570632122449,1440,3.409491757348855,3.409491757348855,335.0169365663105
1170,1,12,H,1042.6030225306122,1440,8.7351309187698,8.7351309187698,324.6042198129728
1172,1,6,H,1065.6954213714287,1440,6.349772822323903,6.349772822323903,321.38980510920555
1173,1,14,H,1035.7021705918366,1440,5.260852498671291,5.260852498671291,360.457391919236
1175,0,12,W,496.26844898367347,1052,13.208460239028184,13.208460239028184,483.68540425799097
1178,1,8,H,1106.800528,1440,5.874616882799618,5.874616882799618,284.2443313100032
1179,1,14,H,1094.117166734694,1440,6.195193495258778,6.195193495258778,294.25622080481617
1180,1,3,H,1066.9887676489795,1440,8.979546172239726,8.979546172239726,298.1816809156894
1181,0,5,W,479.76868035714284,1067,8.036562745524268,8.036562745524268,543.3955228490884
1183,1,15,H,1074.3221550285714,1440,3.812742957422138,3.812742957422138,333.90498699291084
1186,1,8,H,1033.2636837428572,1440,11.721147326265735,11.721147326265735,309.06008853826165
1187,0,14,O,872.4014634489796,1141,9.682604541959641,9.682604541959641,215.78432995851324
1188,1,12,H,1091.0029724857143,1440,8.275764345278336,8.275764345278336,280.0323246369662
1189,0,15,W,449.3229787755102,1024,14.031590394051758,14.031590394051758,498.14107362057115
1191,1,22,H,1051.9214432653062,1440,3.2974709691629087,3.2974709691629087,360.59963199166964
1192,0,7,W,465.2404834367347,1056,8.41687497915861,8.41687497915861,544.8492894042183
1192,1,16,H,1073.2512100530612,1440,2.4717151803534705,2.4717151803534705,346.15116344399325
1193,1,16,H,1078.8009482448979,1440,6.830743382862769,6.830743382862769,304.27619023124566
1194,1,12,H,761.3603696,1440,5.334322166535053,5.334322166535053,634.1869456788745
1195,1,11,H,1073.3382200612245,1440,8.259854003122708,8.259854003122708,297.8296632460863
1196,1,10,H,1046.312488142857,1440,1.3642005769542713,1.3642005769542713,382.31917371585723
1197,1,22,H,1056.2723238265305,1440,3.201861612567159,3.201861612567159,357.0454960687432
1198,1,19,H,764.6021887755102,1440,8.814570542768077,8.814570542768077,601.9430567014225
1201,0,8,W,467.73145910204084,1060,9.490430890317603,9.490430890317603,540.5025542234995
1202,0,17,W,463.67201874489797,1056,10.801473800096428,10.801473800096428,533.4108514363943
1203,1,23,H,1091.1279799591837,1440,8.901972928892373,8.901972928892373,274.68891230004647
1204,1,15,H,1060.9365156244899,1440,7.463531650800181,7.463531650800181,316.8673872855086
1205,0,10,W,458.8120847346939,1055,9.651253781194438,9.651253781194438,543.5447128224273
1206,1,17,H,1175.601452,1440,1.17034467733491,1.17034467733491,254.6456756888756
1208,1,20,H,1051.908763857143,1440,3.5267744066229394,3.5267744066229394,358.7014494209993
1210,0,5,W,464.92613263265304,1077,8.775785585440856,8.775785585440856,564.205945992215
1211,1,10,H,1050.0152608163264,1440,3.5349386903117583,3.5349386903117583,360.52691676440895
1212,1,7,H,1080.3632283428572,1440,2.5298898270268104,2.5298898270268104,338.55435643191936
1213,0,17,W,458.7550931122449,1055,8.091281635473322,8.091281635473322,552.1106434215369
1214,1,4,H,1015.652512377551,1440,3.5997065759259463,3.5997065759259463,394.34993282306607
1215,1,16,H,1093.2881799795919,1440,4.94258621121652,4.94258621121652,305.52360159360387
1218,1,16,H,1232.901419,1440,4.588610332551383,4.588610332551383,168.86016156207188
1221,0,19,O,517.6317346653061,759,7.4278375943071,7.4278375943071,200.85278754756428
1221,1,10,H,784.6233510489795,1440,3.656919601707747,3.656919601707747,624.9023189367891
1223,0,1,W,473.40516570612243,1065,12.819454295871726,12.819454295871726,521.6705381345773
1224,1,5,H,1065.9220170612246,1440,8.143312032496134,8.143312032496134,306.21704933464093
1226,1,19,H,1119.2340643306122,1440,11.655055152079978,11.655055152079978,223.64047606872123
1227,1,11,H,1064.8285719387754,1440,5.274689044303313,5.274689044303313,331.21568602536354
1228,1,13,H,1049.9065542040817,1440,9.174195864274719,9.174195864274719,313.64181359362897
1232,1,17,H,933.75066,1440,8.19641841267454,8.19641841267454,437.94585322771206
1234,1,11,H,1056.658341255102,1440,9.908318498200483,9.908318498200483,300.77233792656057
1235,0,11,O,641.0007677551021,843,9.237514801267062,9.237514801267062,151.61278787435037
1236,0,18,O,577.60198,726,7.823010625039188,7.823010625039188,105.72705295433173
1236,1,16,H,738.6024015918367,1440,1.6848036937328068,1.6848036937328068,687.3575676270566
1237,1,2,H,1054.3605439142857,1440,2.876767668130892,2.876767668130892,361.66639218462365
1238,1,9,H,1054.119933010204,1440,6.085267324145827,6.085267324145827,335.16950595524736
1240,0,4,W,464.9312779387755,1072,7.434239389647708,7.434239389647708,566.5183253904188
1241,1,12,H,1057.2330861836735,1440,6.753908769640901,6.753908769640901,326.4843407359856
1242,0,5,W,484.1950113265306,1041,7.913792938792714,7.913792938792714,513.6388453709637
1242,1,20,H,1071.1810876836735,1440,4.031405688146986,4.031405688146986,335.22386491510156
1244,0,12,O,935.903432,1152,8.982978676963645,8.982978676963645,167.09850248928922
1245,1,1,H,1064.9297920163265,1440,13.172480847950595,13.172480847950595,265.299534250752
1247,0,6,O,433.9610956,624,12.22953613282677,12.22953613282677,123.33234367549028
1248,1,21,H,1069.3132377142856,1440,5.715248207263617,5.715248207263617,323.0596938918509
1249,1,4,H,1331.601386,1440,1.4169447973024951,1.4169447973024951,96.59074068914583
1251,0,4,W,456.60461730612246,1054,9.989691987625411,9.989691987625411,542.9061536704662
1252,1,4,H,1046.3516893979593,1440,3.1348553248247697,3.1348553248247697,367.52451622850094
1253,0,19,W,468.69702045714286,1053,9.58206602594869,9.58206602594869,532.0371648558644
1254,1,1,H,651.642162644898,1440,7.216329749674362,7.216329749674362,728.2217561078157
1257,1,21,H,1212.2661264163266,1440,11.471354479696377,11.471354479696377,132.13925291953683
1258,0,8,W,443.60494865306123,1028,11.506624836704276,11.506624836704276,521.6316431467336
1260,1,9,H,1053.761448979592,1440,1.1039035446134235,1.1039035446134235,377.0393548152963
1261,1,15,H,1042.9234775265306,1440,9.619829189834697,9.619829189834697,316.9112792248468
1262,1,10,H,1295.8022503979591,1440,6.920764911590027,6.920764911590027,86.524708672124
1264,1,7,H,833.8444680653062,1440,9.953540658403625,9.953540658403625,523.2093597813304
1266,1,24,H,1063.2903424897959,1440,10.550281461306097,10.550281461306097,288.7906453326534
1267,1,15,H,1067.3160519142857,1440,4.378099848176131,4.378099848176131,336.19978268424643
1268,1,22,H,759.7113950244898,1440,3.0348980498862552,3.0348980498862552,654.9977878931247
1269,1,15,H,1051.9195939183674,1440,6.1521288425754665,6.1521288425754665,336.81266572683717
1271,0,14,W,461.681931877551,1044,14.346407303205467,14.346407303205467,504.06493737769193
1272,0,22,W,475.6760391346939,1075,9.046647123602318,9.046647123602318,549.9786129183844
1273,0,9,W,448.31442571428573,1058,10.739564387567805,10.739564387567805,551.1061321717082
1274,1,18,H,1051.6057339183674,1440,7.2354955909779886,7.2354955909779886,328.09846949014945
1275,0,17,W,453.68066378163263,1062,9.163836916242527,9.163836916242527,558.3347712206808
1277,1,15,H,1047.9195939183674,1440,11.480655649043884,11.480655649043884,296.40827567293354
1279,0,5,W,458.9095309387755,1049,7.5757569577987365,7.5757569577987365,548.7681583823223
1279,1,1,H,1073.9374435510204,1440,3.32937843830862,3.32937843830862,338.3177361297412
1280,0,11,W,472.5219113265306,1037,10.956977321676442,10.956977321676442,504.7127578279616
1281,0,16,W,483.06155808163265,1086,13.867400906556918,13.867400906556918,527.2980733371478
1282,1,6,H,1080.7187816,1440,10.387714293558961,10.387714293558961,272.71693262034205
1283,0,2,W,470.8737860734694,1047,9.773405694522586,9.773405694522586,522.8167283200437
1284,1,14,H,1050.4060214897959,1440,12.08102474997145,12.08102474997145,288.918772260442
1285,0,20,W,469.6746516734694,1061,14.144090948637665,14.144090948637665,514.1757613339615
1286,1,23,H,1022.6851999918367,1440,8.980566743245975,8.980566743245975,342.47674381444676
1288,0,23,O,719.601056,851,11.852739615893917,11.852739615893917,66.747637004215
1289,1,19,H,1063.2848977591837,1440,4.350175699387702,4.350175699387702,340.4636380792522
1292,0,23,W,449.68066910204084,1079,8.538943839886878,8.538943839886878,582.7432735894852
1293,1,10,H,1077.4459154591837,1440,5.461448481563494,5.461448481563494,317.0420138611205
1294,1,14,H,1062.441783387755,1440,7.073249836598864,7.073249836598864,318.61446797392114
1297,1,8,H,1051.3515526836734,1440,6.385906908601584,6.385906908601584,335.4325564113135
1299,1,14,H,1043.802004244898,1440,3.053764199953534,3.053764199953534,370.7499607554894
1302,0,15,W,477.0632,1048,12.479749857561512,12.479749857561512,502.86543714057353
1303,0,13,O,783.0405544,1048,7.202417190822786,7.202417190822786,225.6735336500575
1303,1,20,H,1053.0411314285714,1440,0.8485039943346315,0.8485039943346315,379.88800195197337
1305,1,7,H,1058.6120793469388,1440,3.78613621489591,3.78613621489591,349.83678552892866
1306,0,21,W,442.80424285714287,1057,13.976742742297144,13.976742742297144,537.9589785485091
1308,1,16,H,1279.8418609306123,1440,7.935547262747393,7.935547262747393,94.02857854649278
1309,1,23,H,1064.3302253061224,1440,5.424350541893961,5.424350541893961,330.46685351142787
1310,1,8,H,941.9205964244898,1440,8.349473779987047,8.349473779987047,428.50045540895144
1311,1,16,H,1043.8056355918368,1440,3.704434326233006,3.704434326233006,365.32407835622143
1312,1,14,H,1059.3524510918367,1440,4.717829894662977,4.717829894662977,341.3322997859718
1313,1,15,H,1061.940455689796,1440,4.778751625036138,4.778751625036138,338.23661410156956
1314,1,7,H,1078.7257929142856,1440,3.678880945065112,3.678880945065112,330.61686587683835
1315,0,13,W,453.86118099591835,1055,14.19129211224658,14.19129211224658,523.7317711191004
1317,0,14,O,1195.6529720204082,1320,11.108888515923796,11.108888515923796,63.75309062000747
1319,1,22,H,1084.7103104326532,1440,10.812008732127872,10.812008732127872,265.18961679961467
1320,1,17,H,1044.755143622449,1440,4.9741257146197295,4.9741257146197295,353.79380875571997
1323,1,12,H,1053.1616680489797,1440,7.91827039942296,7.91827039942296,320.8527452891624
1324,1,19,H,1062.6989780979593,1440,9.112615731465839,9.112615731465839,301.36255747315863
1325,1,17,H,1048.7246569061224,1440,9.328356506739858,9.328356506739858,313.5390388710455
1326,0,14,W,475.70288076530613,1046,13.044192129956144,13.044192129956144,499.14698034402403
1327,0,24,W,457.16506125714284,1041,10.228661913894816,10.228661913894816,528.04223739434
1329,0,7,W,471.96088567346936,1045,7.6507721075804955,7.6507721075804955,531.3076301033643
1331,1,15,H,1082.9560528571428,1440,6.198800615859502,6.198800615859502,305.387275344028
1333,1,9,H,1060.0611948897958,1440,4.640123932298437,4.640123932298437,341.27110567438376
1334,0,9,W,448.36409941836735,1031,7.604238596810637,7.604238596810637,541.1582355081201
1336,1,23,H,1045.6468831265306,1440,12.965854851261337,12.965854851261337,286.3043264462915
1339,0,9,W,456.7595632653061,1062,13.64103418539381,13.64103418539381,530.834795723455
1340,1,9,H,1104.801217632653,1440,6.878969231000415,6.878969231000415,277.8740387756768
1341,1,22,H,1075.7618126530613,1440,6.9180650559863945,6.9180650559863945,306.5876452137188
1342,0,11,W,471.934749,1074,8.361808161416976,8.361808161416976,556.4553883013618
1342,1,7,H,1098.936234,1440,3.3293826681121743,3.3293826681121743,313.3189104323985
1343,1,15,H,1064.948411,1440,7.7559836287409265,7.7559836287409265,310.41839209382556
1345,1,7,H,1067.2608719142856,1440,6.364691409077059,6.364691409077059,319.7000330100723
1346,0,16,O,1126.7517325000001,1320,10.275724564350392,10.275724564350392,137.19886078536138
1348,0,8,W,469.96566730612244,1050,8.894605695742992,8.894605695742992,531.5183016261885
1348,1,11,H,1068.949406387755,1440,2.5270453240520894,2.5270453240520894,349.99188257847754
1350,1,5,H,1091.0364433346938,1440,13.759230609167567,13.759230609167567,234.3033015889098
1351,1,22,H,866.8413143428571,1440,7.867767951211224,7.867767951211224,507.59395273038274
1352,1,9,H,776.9028272244898,1440,5.52664605788396,5.52664605788396,617.0417889598104
1354,1,10,H,1048.9731474693879,1440,2.262804249595053,2.262804249595053,372.1701504506534
1356,1,20,H,1041.7005468571429,1440,2.2671899273929803,2.2671899273929803,379.4062037479157
1357,0,7,W,451.9054638571429,1081,9.800447609063319,9.800447609063319,575.6375491843298
1359,1,9,H,1057.6100966530612,1440,7.02627643288343,7.02627643288343,323.83759973957694
1360,1,10,H,1065.6628952857143,1440,6.0236969154021125,6.0236969154021125,324.1396304192681
1361,0,13,O,1093.2732092,1255,14.00237961880429,14.00237961880429,85.35017469743093
1362,1,16,H,962.6533262653061,1440,7.627082243770502,7.627082243770502,413.78765503660634
1363,1,16,H,939.6013994693877,1440,6.626589106260441,6.626589106260441,445.17702464510865
1364,1,12,H,1074.989301057143,1440,10.413301781703709,10.413301781703709,278.2331840953261
1366,1,16,H,1059.8031895510203,1440,0.5182547518205709,0.5182547518205709,375.87802085047497
1369,1,11,H,1076.7071832755103,1440,5.322898753962987,5.322898753962987,318.93532710813156
1372,1,9,H,1079.5067515306123,1440,7.0218407769105475,7.0218407769105475,301.9779086617998
1373,1,6,H,1072.6532508,1440,11.220461420003172,11.220461420003172,273.8429040333069
1374,1,24,H,1055.7315632,1440,0.9076670177992696,0.9076670177992696,376.7045449850061
1375,1,11,H,1073.7786948469388,1440,8.037985762278298,8.037985762278298,299.2380904674087
1376,1,2,H,1046.052001887755,1440,4.873334207675921,4.873334207675921,353.33687971494555
1378,1,17,H,1071.5122908163266,1440,4.064454990404812,4.064454990404812,334.61725093029986
1379,0,17,O,438.966126955102,594,12.111033010604114,12.111033010604114,88.97369298705735
1380,1,21,H,1067.3132377142856,1440,2.980075691752319,2.980075691752319,347.8527981877785
1381,0,16,W,454.351914,1058,10.634536479339147,10.634536479339147,545.6415233854227
1382,1,8,H,1067.7057908265306,1440,6.8481351897982385,6.8481351897982385,315.22641592515083
1383,1,10,H,1067.9866424489796,1440,10.215639142227875,10.215639142227875,286.88303136578816
1384,1,11,H,1211.7504125,1440,3.3024184124001934,3.3024184124001934,200.7294340633316
1385,1,8,H,1055.3777138612245,1440,7.023477989992683,7.023477989992683,326.09330288883643
1386,1,24,H,1071.8704483591837,1440,6.63492516131728,6.63492516131728,312.838508629839
1387,0,12,W,464.33085120816327,1050,7.541404616736338,7.541404616736338,544.5342145187294
1387,1,22,H,1069.3468030040817,1440,2.8146003195153604,2.8146003195153604,347.1981943332903
1388,0,7,O,1034.905066510204,1277,11.077566342537208,11.077566342537208,181.67184434868386
1390,1,6,H,1062.3311798612244,1440,9.04378143178201,9.04378143178201,302.3039748739254
1392,1,15,H,1044.923556457143,1440,7.220136499576819,7.220136499576819,334.908639379717
1393,0,22,O,773.700957,992,12.232513375235797,12.232513375235797,151.57624277144112
1394,0,3,W,458.81216016326533,1072,8.38692659160244,8.38692659160244,567.4409675189031
1395,1,14,H,1063.6921406632653,1440,10.969441807633078,10.969441807633078,284.8958442731257
1396,0,10,W,436.91607908163263,1050,8.83763478525615,8.83763478525615,564.8786402715157
1396,1,8,H,1062.929670367347,1440,1.7248228367884728,1.7248228367884728,362.6968059927492
1399,1,5,H,1076.936122877551,1440,8.260993053468631,8.260993053468631,294.22226834354365
1400,1,16,H,1050.8056355918368,1440,4.420312208698537,4.420312208698537,352.3584293356755
1402,1,23,H,1043.422238410204,1440,2.2630081885127282,2.2630081885127282,377.7193600188566
1403,1,24,H,604.3603696,1440,4.074319711823657,4.074319711823657,801.6869661348028
1404,0,3,W,482.7546048469388,1054,12.276060685874015,12.276060685874015,504.28506413920303
1405,1,17,H,1040.7221359755101,1440,7.442726250264689,7.442726250264689,337.25514527228415
1406,0,10,O,666.6007394693878,837,13.005767141276465,13.005767141276465,99.458712487286
1407,0,5,W,458.2703455673469,1018,12.759332121239492,12.759332121239492,490.1332974077104
1408,0,1,O,481.9285188897959,744,8.98791951989421,8.98791951989421,213.04646554714475
1408,1,24,H,770.8829568,1440,4.10752319099387,4.10752319099387,634.887683275051
1409,1,16,H,1162.0010102040817,1440,1.9311204607696837,1.9311204607696837,261.9063192895044
1413,0,22,W,458.2733794897959,1033,10.75225151572915,10.75225151572915,516.0779758789542
1415,1,7,H,1054.9750180979593,1440,9.611580207700777,9.611580207700777,304.9284801712008
1417,1,18,H,1042.6057339183674,1440,4.108120786997413,4.108120786997413,363.1599261899876
1421,0,21,O,672.0510506122449,777,13.62681753991821,5.613823181170222,30.620853715473913
1423,1,16,H,1085.0574843428572,1440,1.7146672168114172,1.7146672168114172,340.65362218371433
1425,1,12,H,1041.3282042040817,1440,4.294859933253354,4.294859933253354,362.88129635214045
1426,1,14,H,1324.800528,1440,2.751669980634354,2.751669980634354,92.26888882804701
1427,1,13,H,1051.3639072,1440,6.586385452018773,6.586385452018773,333.7495473665101
1429,1,5,H,1071.287067755102,1440,4.36454266254489,4.36454266254489,332.3417433903571
1430,1,18,H,1057.3643597714286,1440,2.1497847855936882,2.1497847855936882,364.7207670152907
1432,1,13,H,762.7207769142857,1440,9.132665188519741,9.132665188519741,601.1736798480498
1433,1,15,H,1043.3122618571429,1440,6.075224613092304,6.075224613092304,346.060866367088
1434,0,5,W,482.4523332857143,1038,10.297788505821135,10.297788505821135,499.37791122798865
1435,1,6,H,1090.660354420408,1440,10.027782231305954,10.027782231305954,265.77479365204226
1436,1,4,H,1217.6239329265306,1440,8.278107162351768,8.278107162351768,153.39184072053786
1438,1,4,H,1222.302376,1440,8.411435075352998,8.411435075352998,147.60233170539163
1439,0,10,O,822.9035741020408,933,7.622564066743296,7.622564066743296,68.51880371572304
1439,1,8,H,945.9033882244898,1440,1.7249148040218252,1.7249148040218252,479.72232174199485
1440,1,8,H,1053.6079711836735,1440,5.2684508379464585,5.2684508379464585,342.4882718334393
1441,1,23,H,1056.8728025387754,1440,7.85908014645076,7.85908014645076,317.63486290746823
1442,0,16,O,840.264846689796,1112,10.672555695628672,10.672555695628672,213.5212131522295
1443,0,7,O,1086.2965257469389,1194,10.426969837742607,9.318667108651933,50.82909331991959
1445,0,7,W,460.0131057142857,1047,7.765659317971604,7.765659317971604,544.6287525513237
1445,1,8,H,1053.0137387755103,1440,0.8022433940400759,0.8022433940400759,380.3008996074891
1447,1,24,H,1087.9273213061224,1440,11.022073211818551,11.022073211818551,260.2220685953896
1448,1,15,H,1051.7548068877552,1440,4.724814798817832,4.724814798817832,348.8717364554295
1450,1,11,H,1057.1695471020407,1440,3.7929836234840373,3.7929836234840373,351.2222560355924
1451,1,9,H,1065.993623632653,1440,2.362365481925302,2.362365481925302,354.31999735130285
1453,1,15,H,1067.9257875265307,1440,5.82613778756606,5.82613778756606,323.52306424375206
1454,1,4,H,1063.614028367347,1440,4.8317954799270115,4.8317954799270115,336.1210092999279
1455,0,5,O,949.1526352857143,1098,9.879516856621336,9.879516856621336,94.95909095089655
1456,1,11,H,1061.5168333673469,1440,4.3708332520208835,4.3708332520208835,342.05955619914585
1457,0,15,O,1185.9617556,1320,14.300915474535648,10.27276266546434,56.0332509025327
1458,1,11,H,1029.750875510204,1440,6.35490809567994,6.35490809567994,357.29155702579646
1459,1,4,H,1080.087913265306,1440,8.317079671943429,8.317079671943429,290.60308946849864
1460,1,14,H,1068.721747,1440,8.276512699085501,8.276512699085501,302.30731384095407
1461,0,19,W,448.72709028571427,1042,7.784079662814948,7.784079662814948,550.8142933716588
1461,1,7,H,1048.7278822857143,1440,1.1312974705136156,1.1312974705136156,381.84463879333885
1462,1,14,H,1304.3511681326531,1440,1.9005401097161077,1.9005401097161077,119.81099761971268
1463,1,1,H,1056.860857077551,1440,4.247979808483123,4.247979808483123,347.7393111850897
1464,1,9,H,1039.9677766857142,1440,9.066634133908426,9.066634133908426,324.47693886504885
1465,1,1,H,1003.1418951428572,1440,8.344778866065141,8.344778866065141,367.3182809732667
1469,1,18,H,1102.903093689796,1440,9.251031892695096,9.251031892695096,260.0049738710784
1470,1,16,H,1068.9284884285714,1440,7.902773404370496,7.902773404370496,305.21506653500774
1473,0,4,W,478.6877580612245,1049,7.393768726094512,7.393768726094512,529.9825943418964
1473,1,8,H,1065.6753227857143,1440,2.226270127064339,2.226270127064339,355.77242615541627
1474,1,5,H,1104.1859063571428,1440,6.509644229817427,6.509644229817427,281.5670583943786
1477,1,11,H,1057.1695471020407,1440,7.141820233174645,7.141820233174645,323.31528428817046
1478,1,9,H,1332.6056288571428,1440,7.1659138482092235,5.721410688933636,47.67842240778032
1479,0,16,O,1086.9199582653061,1209,13.70255840674089,8.678782577952981,47.338814061561834
1480,1,22,H,942.1012317755102,1440,7.948642549783143,7.948642549783143,431.6600803096302
1483,0,19,W,483.70685142040816,1055,8.763522918648867,8.763522918648867,523.4921144778707
1483,1,11,H,1086.697621522449,1440,4.4587945162076785,4.4587945162076785,316.14575750915355
1484,0,23,W,462.8622791755102,1045,9.078188974166174,9.078188974166174,532.6203264199471
1484,1,7,H,1066.858953044898,1440,3.259337341799881,3.259337341799881,345.97990244010293
1485,0,7,W,492.2842947346939,1044,8.934571572100596,8.934571572100596,502.9816785083937
1485,1,4,H,1066.2837400653061,1440,3.09185586909652,3.09185586909652,347.95079435888965
1486,0,4,W,438.00470081632653,1058,14.265218628183566,14.265218628183566,542.1850157572176
1487,0,23,W,486.69834368979593,1031,11.820296875726134,11.820296875726134,479.8273097153343
1488,1,16,H,1080.7032323163264,1440,6.972052190668899,6.972052190668899,301.1963327614328
1489,1,2,H,1056.7050877244899,1440,4.059442018607735,4.059442018607735,349.4662287871124
1493,0,22,W,428.9210824,1021,12.248741125761164,12.248741125761164,525.2676023685756
1494,1,17,H,1064.0765852040815,1440,4.412709953277098,4.412709953277098,339.1508318519427
1497,1,8,H,1032.3505077959185,1440,6.960788669501289,6.960788669501289,349.64291995823737
1499,0,1,O,735.1608976,903,7.542249111846612,7.542249111846612,126.69956178992754
1499,1,14,H,911.1612887510204,1440,1.3737718857946355,1.3737718857946355,517.390612200691
1500,1,1,H,1082.9361215510205,1440,7.545665335253501,7.545665335253501,294.1833339885336
1501,0,17,O,994.0411088,1255,13.21876406395101,13.21876406395101,188.8565417602673
1503,1,12,H,1072.941924142857,1440,2.8707842472757186,2.8707842472757186,343.134873796512
1504,0,8,W,457.853383722449,1037,8.696131883382908,8.696131883382908,531.7131696409169
1504,1,23,H,1052.8590637632653,1440,2.4575898718921074,2.4575898718921074,366.6610206376338
1505,0,20,W,451.70337879591835,1067,7.514699911768954,7.514699911768954,574.3073489580693
1505,1,8,H,1075.702402265306,1440,1.1633142238866903,1.1633142238866903,354.6033125356382
1509,1,3,H,967.8526046428572,1440,11.430010514519825,11.430010514519825,376.8973077361443
1511,1,22,H,1329.842463012245,1440,5.744474810665908,5.744474810665908,62.28691356553918
1513,1,16,H,1067.7817675510205,1440,6.3395865726870095,6.3395865726870095,319.3883443432544
1516,0,15,W,481.9400370816326,1053,12.982029492846879,12.982029492846879,500.2488929573844
1517,0,3,W,439.5046806122449,1077,14.017452313891587,14.017452313891587,561.0364885847101
1518,1,3,H,1053.1214570714285,1440,3.904675690728153,3.904675690728153,354.33957883917014
1519,1,9,H,1060.8325770612246,1440,1.2052971174464346,1.2052971174464346,369.12328029338846
1521,1,5,H,1103.8129343163266,1440,7.522099960414158,7.522099960414158,273.5028993468886
1522,0,6,W,505.53031285714286,1041,14.362064440802031,14.362064440802031,457.1311538293915
1523,1,17,H,1065.9383675510205,1440,8.209781910289742,8.209781910289742,305.6467831965649
1524,0,21,W,468.6048813061224,1030,8.048760357537097,8.048760357537097,517.4927894709479
1526,1,11,H,1326.602904,1440,4.281184107432129,4.281184107432129,77.72056177139893
1527,1,7,H,1079.9304853795918,1440,0.9011637039539373,0.9011637039539373,352.55981708745867
1528,1,12,H,1075.9084838693877,1440,7.952303536177638,7.952303536177638,297.8223199957986
1530,1,12,H,1044.965932187755,1440,9.339253176469263,9.339253176469263,317.20695800833437
1532,1,15,H,1058.5208859693878,1440,5.597755534759479,5.597755534759479,334.8311512409498
1533,1,4,H,1098.5592824285714,1440,4.424629359994196,4.424629359994196,304.5688062381437
1536,1,13,H,1067.3657778285715,1440,2.7075433399795514,2.7075433399795514,350.0713610049322
1537,1,4,H,1064.351357377551,1440,1.474726939479286,1.474726939479286,363.35925146012164
1540,0,2,W,474.37531754285715,1066,14.053851709871436,14.053851709871436,514.9673094942077
1541,1,8,H,1031.00198,1440,6.555032200629441,6.555032200629441,354.37275166142126
1543,1,16,H,1114.5512206632652,1440,1.8934648936871348,1.8934648936871348,309.6699052226754
1544,1,5,H,946.252693877551,1440,8.675783242044409,8.675783242044409,421.4491124387456
1545,1,17,H,1003.7517830102041,1440,3.8910391287647137,3.8910391287647137,403.8228909167566
1547,1,17,H,1084.0748749285715,1440,2.399438017325714,2.399438017325714,335.9298082603809
1548,0,18,W,458.8111499591837,1073,7.393159786182364,7.393159786182364,573.8625239343671
1551,1,2,H,1041.3644088,1440,4.406817971828593,4.406817971828593,361.9121081014282
1552,1,15,H,1067.3160519142857,1440,4.433719116015041,4.433719116015041,335.73628878558884
1553,0,18,W,431.60066,1081,11.294717546123415,11.294717546123415,587.7917897484178
1554,1,3,H,1083.8016271020408,1440,1.4707618066027237,1.4707618066027237,343.94202450960324
1556,1,15,H,1060.616296612245,1440,4.683600524751611,4.683600524751611,340.353699014825
1560,1,5,H,1014.5525032857142,1440,8.247585718135364,8.247585718135364,356.7176157298245
1561,0,5,W,473.4357201428571,1037,9.738423255234474,9.738423255234474,510.44560755586394
1567,0,1,O,769.3433247836734,971,8.949924382581939,8.949924382581939,152.83890585678876
1567,1,11,H,994.3428722122449,1440,3.2941850635407057,3.2941850635407057,418.2055855915826
1569,0,7,W,479.7799044489796,1061,9.413289479270711,9.413289479270711,529.8748802095438
1570,1,13,H,1055.805304244898,1440,5.686359728306579,5.686359728306579,336.8083646858804
1571,0,21,W,487.8197898979592,1049,9.060853694472836,9.060853694472836,511.75737176855256
1572,1,10,H,1026.6712900979592,1440,4.359412140244345,4.359412140244345,377.0002754000045
1573,1,8,H,1088.2528600530613,1440,8.93655800487062,8.93655800487062,277.2758232396834
1574,1,4,H,1328.671340944898,1440,7.56516143950617,5.7942776471060675,48.285647059217126
1575,1,23,H,1064.8019180408164,1440,5.887239140590397,5.887239140590397,326.1377557875969
1576,1,6,H,1069.6532508,1440,14.176129313963653,14.176129313963653,252.21233825030276
1577,0,10,W,488.3064067142857,1077,11.819417947279394,11.819417947279394,524.2240408460085
1578,0,23,W,455.5136125,1055,12.923839265099296,12.923839265099296,528.9927187812765
1579,0,3,O,611.3511385,833,11.389408539098634,11.389408539098634,159.52481492309835
1584,0,2,O,964.3412474,1100,9.152231150205996,9.152231150205996,85.73749178069454
1585,1,9,H,928.0411088,1440,0.2002562376284942,0.2002562376284942,510.29008921976254
1588,1,8,H,1087.9307519591837,1440,2.7586181223064656,2.7586181223064656,329.08076368826255
1590,1,1,H,1084.6157012653061,1440,7.688834546933041,7.688834546933041,291.31067751025194
1592,1,10,H,1089.9755277795919,1440,10.95522167575227,10.95522167575227,258.73095825580594
1594,1,11,H,1081.3992684040816,1440,6.090354551987781,6.090354551987781,307.84777699602023
1595,1,11,H,1053.1695471020407,1440,1.538508988567802,1.538508988567802,374.00954465989435
1598,1,15,H,1063.9257875265307,1440,3.670462810817753,3.670462810817753,345.48702238332135
1599,1,2,H,1064.705898244898,1440,1.5002549308848714,1.5002549308848714,362.7919773310614
